#
# A fatal error has been detected by the Java Runtime Environment:
#
#  Internal Error (upcallLinker.cpp:77), pid=4880, tid=4881
#  guarantee(thread->thread_state() == _thread_in_native) failed: wrong thread state for upcall
#
# JRE version: OpenJDK Runtime Environment Microsoft-14951822 (25.0.4.1+1) (build 25.0.4.1+1-LTS)
# Java VM: OpenJDK 64-Bit Server VM Microsoft-14951822 (25.0.4.1+1-LTS, mixed mode, sharing, tiered, compressed oops, compressed class ptrs, g1 gc, linux-amd64)
# Problematic frame:
# V  [libjvm.so+0x1159968]  UpcallLinker::on_entry(UpcallStub::FrameData*)+0x1a8
#
# Core dump will be written. Default location: Determined by the following: "/usr/share/apport/apport -p%p -s%s -c%c -d%d -P%P -u%u -g%g -F%F -- %E" (alternatively, falling back to /workspaces/eaglercraft-26.2/velocity/core.4880)
#
# If you would like to submit a bug report, please visit:
#   https://github.com/microsoft/openjdk/issues
#

---------------  S U M M A R Y ------------

Command Line: velocity.jar

Host: AMD EPYC 7763 64-Core Processor, 4 cores, 15G, Ubuntu 24.04.4 LTS
Time: Wed Sep  9 04:11:16 2026 UTC elapsed time: 28.424355 seconds (0d 0h 0m 28s)

---------------  T H R E A D  ---------------

Current thread (0x000072a1f002a020):  JavaThread "main"             [_thread_blocked, id=4881, stack(0x000072a1f758e000,0x000072a1f768e000) (1024K)]

Stack: [0x000072a1f758e000,0x000072a1f768e000],  sp=0x000072a1f768b860,  free space=1014k
Native frames: (J=compiled Java code, j=interpreted, Vv=VM code, C=native code)
V  [libjvm.so+0x1159968]  UpcallLinker::on_entry(UpcallStub::FrameData*)+0x1a8  (upcallLinker.cpp:77)
v  ~UpcallStub::upcall_stub 0x000072a1dfb5f535
C  [libc.so.6+0x45330]
C  [libc.so.6+0x9bd6e]  pthread_cond_timedwait+0x23e
V  [libjvm.so+0xe3ce8f]  PlatformEvent::park_nanos(long)+0xff
V  [libjvm.so+0xe07fcd]  ObjectMonitor::wait(long, bool, JavaThread*)+0xd3d
V  [libjvm.so+0x10c8a69]  ObjectSynchronizer::wait(Handle, long, JavaThread*)+0x89
V  [libjvm.so+0xaef24e]  JVM_MonitorWait+0x7e
J 1770  java.lang.Object.wait0(J)V java.base@25.0.4.1 (0 bytes) @ 0x000072a1e0037fef [0x000072a1e0037f80+0x000000000000006f]
J 1775 c1 java.lang.Object.wait(J)V java.base@25.0.4.1 (59 bytes) @ 0x000072a1d874bed4 [0x000072a1d874bc00+0x00000000000002d4]
j  org.jline.utils.NonBlockingInputStreamImpl.read(JZ)I+192
J 10265 c1 org.jline.utils.NonBlocking$NonBlockingInputStreamReader.read(JZ)I (205 bytes) @ 0x000072a1d8f14274 [0x000072a1d8f13d80+0x00000000000004f4]
J 10264 c1 org.jline.utils.NonBlockingReader.read(J)I (7 bytes) @ 0x000072a1d8f15894 [0x000072a1d8f15800+0x0000000000000094]
j  org.jline.keymap.BindingReader.readCharacter()I+46
j  org.jline.keymap.BindingReader.readBinding(Lorg/jline/keymap/KeyMap;Lorg/jline/keymap/KeyMap;Z)Ljava/lang/Object;+279
j  org.jline.keymap.BindingReader.readBinding(Lorg/jline/keymap/KeyMap;Lorg/jline/keymap/KeyMap;)Ljava/lang/Object;+4
j  org.jline.reader.impl.LineReaderImpl.doReadBinding(Lorg/jline/keymap/KeyMap;Lorg/jline/keymap/KeyMap;)Ljava/lang/Object;+54
j  org.jline.reader.impl.LineReaderImpl.readBinding(Lorg/jline/keymap/KeyMap;Lorg/jline/keymap/KeyMap;)Lorg/jline/reader/Binding;+3
j  org.jline.reader.impl.LineReaderImpl.readLine(Ljava/lang/String;Ljava/lang/String;Lorg/jline/reader/MaskingCallback;Ljava/lang/String;)Ljava/lang/String;+808
j  org.jline.reader.impl.LineReaderImpl.readLine(Ljava/lang/String;)Ljava/lang/String;+8
j  net.minecrell.terminalconsole.SimpleTerminalConsole.readCommands(Lorg/jline/terminal/Terminal;)V+26
j  net.minecrell.terminalconsole.SimpleTerminalConsole.start()V+10
j  com.velocitypowered.proxy.Velocity.main([Ljava/lang/String;)V+105
v  ~StubRoutines::call_stub 0x000072a1dfa20fa6
V  [libjvm.so+0xa00db0]  JavaCalls::call_helper(JavaValue*, methodHandle const&, JavaCallArguments*, JavaThread*)+0x2b0
V  [libjvm.so+0xac0341]  jni_invoke_static(JNIEnv_*, JavaValue*, _jobject*, JNICallType, _jmethodID*, JNI_ArgumentPusher*, JavaThread*) [clone .constprop.1]+0x391
V  [libjvm.so+0xac3231]  jni_CallStaticVoidMethod+0x161
C  [libjli.so+0x394c]  invokeStaticMainWithArgs+0x4c
C  [libjli.so+0x4a15]  JavaMain+0xee5
C  [libjli.so+0x7b69]  ThreadJavaMain+0x9
C  [libc.so.6+0x9cb84]
Java frames: (J=compiled Java code, j=interpreted, Vv=VM code)
J 1770  java.lang.Object.wait0(J)V java.base@25.0.4.1 (0 bytes) @ 0x000072a1e003805d [0x000072a1e0037f80+0x00000000000000dd]
J 1775 c1 java.lang.Object.wait(J)V java.base@25.0.4.1 (59 bytes) @ 0x000072a1d874bed4 [0x000072a1d874bc00+0x00000000000002d4]
j  org.jline.utils.NonBlockingInputStreamImpl.read(JZ)I+192
J 10265 c1 org.jline.utils.NonBlocking$NonBlockingInputStreamReader.read(JZ)I (205 bytes) @ 0x000072a1d8f14274 [0x000072a1d8f13d80+0x00000000000004f4]
J 10264 c1 org.jline.utils.NonBlockingReader.read(J)I (7 bytes) @ 0x000072a1d8f15894 [0x000072a1d8f15800+0x0000000000000094]
j  org.jline.keymap.BindingReader.readCharacter()I+46
j  org.jline.keymap.BindingReader.readBinding(Lorg/jline/keymap/KeyMap;Lorg/jline/keymap/KeyMap;Z)Ljava/lang/Object;+279
j  org.jline.keymap.BindingReader.readBinding(Lorg/jline/keymap/KeyMap;Lorg/jline/keymap/KeyMap;)Ljava/lang/Object;+4
j  org.jline.reader.impl.LineReaderImpl.doReadBinding(Lorg/jline/keymap/KeyMap;Lorg/jline/keymap/KeyMap;)Ljava/lang/Object;+54
j  org.jline.reader.impl.LineReaderImpl.readBinding(Lorg/jline/keymap/KeyMap;Lorg/jline/keymap/KeyMap;)Lorg/jline/reader/Binding;+3
j  org.jline.reader.impl.LineReaderImpl.readLine(Ljava/lang/String;Ljava/lang/String;Lorg/jline/reader/MaskingCallback;Ljava/lang/String;)Ljava/lang/String;+808
j  org.jline.reader.impl.LineReaderImpl.readLine(Ljava/lang/String;)Ljava/lang/String;+8
j  net.minecrell.terminalconsole.SimpleTerminalConsole.readCommands(Lorg/jline/terminal/Terminal;)V+26
j  net.minecrell.terminalconsole.SimpleTerminalConsole.start()V+10
j  com.velocitypowered.proxy.Velocity.main([Ljava/lang/String;)V+105
v  ~StubRoutines::call_stub 0x000072a1dfa20fa6
Registers:
RAX=0x000072a1f9108000, RBX=0x000072a1f768b8b8, RCX=0x000072a1f8a2dccf, RDX=0x000072a1f8a9a098
RSP=0x000072a1f768b860, RBP=0x000072a1f768b870, RSI=0x000000000000004d, RDI=0x000072a1f8a9a068
R8 =0x0000000000000000, R9 =0x00000000ffffffff, R10=0x000072a1f768bfd0, R11=0x0000000000000246
R12=0x000072a1f002a020, R13=0x0000000000000000, R14=0x000072a1f002be28, R15=0x000072a1f002be7c
RIP=0x000072a1f88d5968, EFLAGS=0x0000000000010206, CSGSFS=0x002b000000000033, ERR=0x0000000000000006
  TRAPNO=0x000000000000000e

XMM[0]=0x0000000000000000 0x0000000000000000
XMM[1]=0x0000000000000000 0x0000000000000000
XMM[2]=0x0000000000000000 0x0000000000000000
XMM[3]=0x0000000000000000 0x0000000000000000
XMM[4]=0x0000000000000000 0x0000000000000000
XMM[5]=0x0000000000000000 0x0000000000000000
XMM[6]=0x0000000000000000 0x0000000000000000
XMM[7]=0x0000000000000000 0x0000000000000000
XMM[8]=0x0000000000000000 0x0000000000000000
XMM[9]=0x0000000000000000 0x0000000000000000
XMM[10]=0x0000000000000000 0x0000000000000000
XMM[11]=0x0000000000000000 0x0000000000000000
XMM[12]=0x0000000000000000 0x0000000000000000
XMM[13]=0x0000000000000000 0x0000000000000000
XMM[14]=0x0000000000000000 0x0000000000000000
XMM[15]=0x0000000000000000 0x0000000000000000
  MXCSR=0x00001f80


Register to memory mapping:

RAX=0x000072a1f9108000 points into unknown readable memory: 0x0000000000000058 | 58 00 00 00 00 00 00 00
RBX=0x000072a1f768b8b8 is pointing into the stack for thread: 0x000072a1f002a020
RCX=0x000072a1f8a2dccf: <offset 0x00000000012b1ccf> in /usr/local/sdkman/candidates/java/25.0.4+1-ms/lib/server/libjvm.so at 0x000072a1f777c000
RDX=0x000072a1f8a9a098: <offset 0x000000000131e098> in /usr/local/sdkman/candidates/java/25.0.4+1-ms/lib/server/libjvm.so at 0x000072a1f777c000
RSP=0x000072a1f768b860 is pointing into the stack for thread: 0x000072a1f002a020
RBP=0x000072a1f768b870 is pointing into the stack for thread: 0x000072a1f002a020
RSI=0x000000000000004d is an unknown value
RDI=0x000072a1f8a9a068: <offset 0x000000000131e068> in /usr/local/sdkman/candidates/java/25.0.4+1-ms/lib/server/libjvm.so at 0x000072a1f777c000
R8 =0x0 is null
R9 =0x00000000ffffffff is an unknown value
R10=0x000072a1f768bfd0 is pointing into the stack for thread: 0x000072a1f002a020
R11=0x0000000000000246 is an unknown value
R12=0x000072a1f002a020 is a thread
R13=0x0 is null
R14=0x000072a1f002be28 points into unknown readable memory: 0x0000000000000000 | 00 00 00 00 00 00 00 00
R15=0x000072a1f002be7c points into unknown readable memory: 00 00 00 00

Top of Stack: (sp=0x000072a1f768b860)
0x000072a1f768b860:   000072a1f002be50 0000000000000000   P....r..........
0x000072a1f768b870:   000072a1f768b8f0 000072a1dfb5f535   ..h..r..5....r..
0x000072a1f768b880:   000000000000001c 000072a1f002be50   ........P....r..
0x000072a1f768b890:   0000000000000000 0000000000000000   ................
0x000072a1f768b8a0:   000072a1f002be28 000072a1f002be7c   (....r..|....r..
0x000072a1f768b8b0:   0000000000001f80 0000000000000000   ................
0x000072a1f768b8c0:   0000000000000000 0000000000000000   ................
0x000072a1f768b8d0:   0000000000000000 0000000000000000   ................
0x000072a1f768b8e0:   3ff6666666666666 0000000000000000   ffffff.?........
0x000072a1f768b8f0:   000072a1f768bee0 000072a1f8f35330   ..h..r..0S...r..
0x000072a1f768b900:   0000000000000007 0000000000000000   ................
0x000072a1f768b910:   0000000000000000 0000000000000002   ................
0x000072a1f768b920:   0000000000000000 0000000000000000   ................
0x000072a1f768b930:   00000000ffffffff 000072a1f768bfd0   ..........h..r..
0x000072a1f768b940:   0000000000000246 0000000000000000   F...............
0x000072a1f768b950:   0000000000000000 000072a1f002be28   ........(....r..
0x000072a1f768b960:   000072a1f002be7c 000072a1f002be7c   |....r..|....r..
0x000072a1f768b970:   0000000000000089 000072a1f768bee0   ..........h..r..
0x000072a1f768b980:   000072a1f002be50 0000000000000000   P....r..........
0x000072a1f768b990:   fffffffffffffffc 000072a1f8f88e51   ........Q....r..
0x000072a1f768b9a0:   000072a1f768bea0 000072a1f8f88e51   ..h..r..Q....r..
0x000072a1f768b9b0:   0000000000000246 002b000000000033   F.......3.....+.
0x000072a1f768b9c0:   0000000000000004 000000000000000e   ................
0x000072a1f768b9d0:   0000000000000004 0000000000000014   ................
0x000072a1f768b9e0:   000072a1f768bac0 0000000000000000   ..h..r..........
0x000072a1f768b9f0:   000072a1f002a020 0000000000000000    ....r..........
0x000072a1f768ba00:   000072a1f002a020 0000000000000000    ....r..........
0x000072a1f768ba10:   0000040052000000 0000000000000000   ...R............
0x000072a1f768ba20:   4dd5f2639bd56884 0000000000000004   .h..c..M........
0x000072a1f768ba30:   000000004dff7621 0000000000000000   !v.M............
0x000072a1f768ba40:   7f5e5b131b33c397 0000000000000000   ..3..[^.........
0x000072a1f768ba50:   000000009bd56884 0000000000000000   .h..............

Instructions: (pc=0x000072a1f88d5968)
  0x000072a1f88d5868:   80 04 00 00 48 39 c2 74 07 48 c7 03 00 00 00 00
  0x000072a1f88d5878:   49 8b 84 24 90 04 00 00 48 89 43 10 49 8b 84 24
  0x000072a1f88d5888:   88 04 00 00 48 89 43 08 49 8b 84 24 80 04 00 00
  0x000072a1f88d5898:   48 89 03 49 c7 84 24 80 04 00 00 00 00 00 00 49
  0x000072a1f88d58a8:   c7 84 24 90 04 00 00 00 00 00 00 49 c7 84 24 88
  0x000072a1f88d58b8:   04 00 00 00 00 00 00 48 8b 43 28 49 89 84 24 10
  0x000072a1f88d58c8:   05 00 00 4c 89 e0 5b 41 5c 5d c3 0f 1f 44 00 00
  0x000072a1f88d58d8:   f0 83 04 24 00 49 8b 44 24 28 a8 01 0f 84 47 ff
  0x000072a1f88d58e8:   ff ff 31 d2 be 01 00 00 00 4c 89 e7 e8 47 10 d9
  0x000072a1f88d58f8:   ff 41 8b 84 24 28 05 00 00 a8 08 0f 84 38 ff ff
  0x000072a1f88d5908:   ff 4c 89 e7 e8 9f 09 8c ff e9 2b ff ff ff 48 8d
  0x000072a1f88d5918:   05 5b ef 54 00 48 8d 0d c9 83 15 00 48 8d 15 75
  0x000072a1f88d5928:   da 18 00 be 50 00 00 00 48 8d 3d 31 47 1c 00 48
  0x000072a1f88d5938:   8b 00 c6 00 58 31 c0 e8 2c c4 62 ff 48 8d 05 2d
  0x000072a1f88d5948:   ef 54 00 48 8d 0d 7d 83 15 00 48 8d 15 3f 47 1c
  0x000072a1f88d5958:   00 be 4d 00 00 00 48 8d 3d 03 47 1c 00 48 8b 00
=>0x000072a1f88d5968:   c6 00 58 31 c0 e8 fe c3 62 ff 66 66 2e 0f 1f 84
  0x000072a1f88d5978:   00 00 00 00 00 0f 1f 00 48 8b 77 18 48 8b 47 20
  0x000072a1f88d5988:   48 8b 96 80 04 00 00 48 89 86 10 05 00 00 48 8b
  0x000072a1f88d5998:   07 48 39 c2 74 0b 48 c7 86 80 04 00 00 00 00 00
  0x000072a1f88d59a8:   00 48 8b 47 10 48 89 86 90 04 00 00 48 8b 47 08
  0x000072a1f88d59b8:   48 89 86 88 04 00 00 48 8b 07 48 89 86 80 04 00
  0x000072a1f88d59c8:   00 c7 86 2c 05 00 00 04 00 00 00 48 8b 7f 28 e9
  0x000072a1f88d59d8:   84 eb 98 ff 0f 1f 40 00 55 31 c0 48 8d 35 1d 83
  0x000072a1f88d59e8:   15 00 48 89 e5 41 54 49 89 fc 53 48 8d 1d 66 dd
  0x000072a1f88d59f8:   55 00 48 8b 3b e8 8e 5a ce ff 4d 85 e4 74 39 66
  0x000072a1f88d5a08:   48 8d 3d 19 8a 54 00 66 66 48 e8 39 28 18 ff 48
  0x000072a1f88d5a18:   8b 00 48 8b b8 08 04 00 00 48 8b 47 20 48 8b 57
  0x000072a1f88d5a28:   28 48 29 c2 48 83 fa 07 76 45 48 8d 50 08 48 89
  0x000072a1f88d5a38:   57 20 4c 89 20 49 89 c4 48 8b 33 4c 89 e7 e8 b5
  0x000072a1f88d5a48:   e5 8a ff ba 89 00 00 00 48 8d 05 21 ee 54 00 48
  0x000072a1f88d5a58:   8d 0d 7a 46 1c 00 48 8d 35 03 46 1c 00 bf 00 00


Stack slot to memory mapping:

stack at sp + 0 slots: 0x000072a1f002be50 points into unknown readable memory: 0x0000000000000261 | 61 02 00 00 00 00 00 00
stack at sp + 1 slots: 0x0 is null
stack at sp + 2 slots: 0x000072a1f768b8f0 is pointing into the stack for thread: 0x000072a1f002a020
stack at sp + 3 slots: 0x000072a1dfb5f535 is at code_begin+85 in 
[CodeBlob kind:11 (0x000072a1dfb5f488)]
Framesize: 0
UpcallStub (0x000072a1dfb5f488) used for upcall_stub
Frame data offset: 56
Receiver MH=java.lang.invoke.BoundMethodHandle$Species_LL 
{0x0000000706b0c868} - klass: 'java/lang/invoke/BoundMethodHandle$Species_LL' - flags: 

 - ---- fields (total size 5 words):
 - private 'customizationCount' 'B' @12  0 (0x00)
 - private volatile 'updateInProgress' 'Z' @13  false (0x00)
 - private final 'type' 'Ljava/lang/invoke/MethodType;' @16  a 'java/lang/invoke/MethodType'{0x00000007065f9df0} = (I)V (0xe0cbf3be)
 - final 'form' 'Ljava/lang/invoke/LambdaForm;' @20  a 'java/lang/invoke/LambdaForm'{0x00000007065fa348} => a 'java/lang/invoke/MemberName'{0x00000007065fa4e0} = {method} {0x000072a1ac8a1710} 'invoke' '(Ljava/lang/Object;I)V' in 'java/lang/invoke/LambdaForm$MH+0x000000004e194c00' (0xe0cbf469)
 - private 'asTypeCache' 'Ljava/lang/invoke/MethodHandle;' @24  null (0x00000000)
 - private 'asTypeSoftCache' 'Ljava/lang/ref/SoftReference;' @28  null (0x00000000)
 - final 'argL0' 'Ljava/lang/Object;' @32  a 'java/lang/invoke/MethodType'{0x00000007065f9df0} = (I)V (0xe0cbf3be)
 - final 'argL1' 'Ljava/lang/Object;' @36  a 'java/lang/invoke/BoundMethodHandle$Species_LL'{0x0000000706b0c988} (0xe0d61931)
--------------------------------------------------------------------------------
Decoding CodeBlob, name: upcall_stub, at  [0x000072a1dfb5f4e0, 0x000072a1dfb5f5b0]  208 bytes
[MachCode]
  0x000072a1dfb5f4e0: 5548 8bec | 4883 ec70 | 4889 3c24 | 4889 5c24 | 084c 8964 | 2410 4c89 | 6c24 184c | 8974 2420 
  0x000072a1dfb5f500: 4c89 7c24 | 28c5 f8ae | 5c24 308b | 4424 3025 | c0ff 0000 | 3b05 e223 | 3419 0f84 | 0800 0000 
  0x000072a1dfb5f520: c5f8 ae15 | d423 3419 | c5f8 7748 | 8d7c 2438 | e88b 62d7 | 184c 8bf8 | 4d33 e448 | 8b3c 2448 
  0x000072a1dfb5f540: 8bd7 48be | 3206 11f0 | a172 0000 | e8ca 6def | ff49 3ba7 | 2006 0000 | 7607 4989 | a720 0600 
  0x000072a1dfb5f560: 00ff 5340 | 493b a720 | 0600 0072 | 0b49 c787 | 2006 0000 | 0000 0000 | c5f8 7748 | 8d7c 2438 
  0x000072a1dfb5f580: e8fb 63d7 | 184d 33e4 | 488b 5c24 | 084c 8b64 | 2410 4c8b | 6c24 184c | 8b74 2420 | 4c8b 7c24 
  0x000072a1dfb5f5a0: 28c5 f8ae | 5424 30c9 | c3f4 f4f4 | f4f4 f4f4 
[/MachCode]
--------------------------------------------------------------------------------
stack at sp + 4 slots: 0x000000000000001c is an unknown value
stack at sp + 5 slots: 0x000072a1f002be50 points into unknown readable memory: 0x0000000000000261 | 61 02 00 00 00 00 00 00
stack at sp + 6 slots: 0x0 is null
stack at sp + 7 slots: 0x0 is null

Lock stack of current Java thread (top to bottom):

--------------------------------------------------------------------------------
Decoding CodeBlob, name: upcall_stub, at  [0x000072a1dfb5f4e0, 0x000072a1dfb5f5b0]  208 bytes
[MachCode]
  0x000072a1dfb5f4e0: 5548 8bec | 4883 ec70 | 4889 3c24 | 4889 5c24 | 084c 8964 | 2410 4c89 | 6c24 184c | 8974 2420 
  0x000072a1dfb5f500: 4c89 7c24 | 28c5 f8ae | 5c24 308b | 4424 3025 | c0ff 0000 | 3b05 e223 | 3419 0f84 | 0800 0000 
  0x000072a1dfb5f520: c5f8 ae15 | d423 3419 | c5f8 7748 | 8d7c 2438 | e88b 62d7 | 184c 8bf8 | 4d33 e448 | 8b3c 2448 
  0x000072a1dfb5f540: 8bd7 48be | 3206 11f0 | a172 0000 | e8ca 6def | ff49 3ba7 | 2006 0000 | 7607 4989 | a720 0600 
  0x000072a1dfb5f560: 00ff 5340 | 493b a720 | 0600 0072 | 0b49 c787 | 2006 0000 | 0000 0000 | c5f8 7748 | 8d7c 2438 
  0x000072a1dfb5f580: e8fb 63d7 | 184d 33e4 | 488b 5c24 | 084c 8b64 | 2410 4c8b | 6c24 184c | 8b74 2420 | 4c8b 7c24 
  0x000072a1dfb5f5a0: 28c5 f8ae | 5424 30c9 | c3f4 f4f4 | f4f4 f4f4 
[/MachCode]
--------------------------------------------------------------------------------


Compiled method (n/a) 28452 1770     n 0       java.lang.Object::wait0 (native)
 total in heap  [0x000072a1e0037e88,0x000072a1e00380e0] = 600
 main code      [0x000072a1e0037f80,0x000072a1e00380df] = 351
 stub code      [0x000072a1e00380df,0x000072a1e00380e0] = 1
 mutable data [0x000072a1f047fad0,0x000072a1f047fae8] = 24
 relocation     [0x000072a1f047fad0,0x000072a1f047fae8] = 24

[Constant Pool (empty)]

[MachCode]
[Entry Point]
  # {method} {0x000000004d49e758} 'wait0' '(J)V' in 'java/lang/Object'
  # this:     rsi:rsi   = 'java/lang/Object'
  # parm0:    rdx:rdx   = long
  #           [sp+0x50]  (sp of caller)
  0x000072a1e0037f80: 6690 448b | 5608 443b 

  0x000072a1e0037f88: ;   {runtime_call Shared Runtime ic_miss_blob}
  0x000072a1e0037f88: 5008 0f85 | 5064 a3ff 
[Verified Entry Point]
  0x000072a1e0037f90: 8984 2400 | c0fe ff55 | 488b ec48 | 83ec 4090 | 4181 7f20 | 0f00 0000 

  0x000072a1e0037fa8: ;   {runtime_call Stub::method_entry_barrier}
  0x000072a1e0037fa8: 7405 e8b1 | dfa1 ff48 | 8934 2448 | 83fe 0048 | 8d34 2448 | 0f44 3424 | 4c8d 1596 | 0000 004d 
  0x000072a1e0037fc8: 8997 8804 | 0000 c5f8 | 7749 89a7 | 8004 0000 | 498d bfa0 | 0400 0041 | c787 2c05 | 0000 0400 
  0x000072a1e0037fe8: ;   {runtime_call JVM_MonitorWait}
  0x000072a1e0037fe8: 0000 e8e1 | 3123 18c5 | f877 41c7 | 872c 0500 | 0005 0000 | 00f0 8344 | 24c0 0049 | 3b6f 280f 
  0x000072a1e0038008: 870e 0000 | 0041 83bf | 2805 0000 | 000f 841c | 0000 00c5 | f877 498b | ff4c 8be4 | 4883 ec00 
  0x000072a1e0038028: 4883 e4f0 

  0x000072a1e003802c: ;   {runtime_call JavaThread::check_special_condition_for_native_trans(JavaThread*)}
  0x000072a1e003802c: e8bf e215 | 1849 8be4 | 4d33 e441 | c787 2c05 | 0000 0800 | 0000 4d8b | 9748 0600 | 0049 83fa 
  0x000072a1e003804c: 0074 0e49 | c787 4806 | 0000 0000 | 0000 41ff | e241 83bf | a805 0000 | 020f 8459 | 0000 0049 
  0x000072a1e003806c: c787 8004 | 0000 0000 | 0000 49c7 | 8788 0400 | 0000 0000 | 00c5 f877 | 498b 8f10 | 0500 00c7 
  0x000072a1e003808c: 8100 0100 | 0000 0000 

  0x000072a1e0038094: ;   {poll_return}
  0x000072a1e0038094: 00c9 41f6 | 4728 0174 

  0x000072a1e003809c: ;   {internal_word}
  0x000072a1e003809c: 1649 ba96 | 8003 e0a1 | 7200 004d | 8997 3805 

  0x000072a1e00380ac: ;   {runtime_call SafepointBlob}
  0x000072a1e00380ac: 0000 e9ad | 87a3 ff49 | 837f 0800 | 0f85 0100 

  0x000072a1e00380bc: ;   {runtime_call Stub::forward_exception}
  0x000072a1e00380bc: 0000 c3e9 | 1c8e 9eff | c5f8 774c | 8be4 4883 | ec00 4883 

  0x000072a1e00380d0: ;   {runtime_call SharedRuntime::reguard_yellow_pages()}
  0x000072a1e00380d0: e4f0 e879 | 3e64 1849 | 8be4 4d33 | e4eb 8cf4 
[/MachCode]


Compiled method (c1) 28460 1775   !   3       java.lang.Object::wait (59 bytes)
 total in heap  [0x000072a1d874bb08,0x000072a1d874c168] = 1632
 main code      [0x000072a1d874bc00,0x000072a1d874c108] = 1288
 stub code      [0x000072a1d874c108,0x000072a1d874c168] = 96
 mutable data [0x000072a1985df4b0,0x000072a1985df550] = 160
 relocation     [0x000072a1985df4b0,0x000072a1985df540] = 144
 metadata       [0x000072a1985df540,0x000072a1985df550] = 16
 immutable data [0x000072a1985df360,0x000072a1985df4a8] = 328
 dependencies   [0x000072a1985df360,0x000072a1985df368] = 8
 nul chk table  [0x000072a1985df368,0x000072a1985df378] = 16
 handler table  [0x000072a1985df378,0x000072a1985df390] = 24
 scopes pcs     [0x000072a1985df390,0x000072a1985df440] = 176
 scopes data    [0x000072a1985df440,0x000072a1985df4a8] = 104

[Constant Pool (empty)]

[MachCode]
[Instructions begin]
  0x000072a1d874bc00: 660f 1f84 | 0000 0000 | 0066 0f1f | 8400 0000 | 0000 448b | 5608 443b 

  0x000072a1d874bc18: ;   {runtime_call Shared Runtime ic_miss_blob}
  0x000072a1d874bc18: 5008 0f85 | c027 3207 
[Verified Entry Point]
  0x000072a1d874bc20: 8984 2400 | c0fe ff55 | 4883 ec50 | 4181 7f20 | 0f00 0000 

  0x000072a1d874bc34: ;   {runtime_call Stub::method_entry_barrier}
  0x000072a1d874bc34: 7405 e825 

  0x000072a1d874bc38: ;   {metadata(method data for {method} {0x000000004d49e5c8} 'wait' '(J)V' in 'java/lang/Object')}
  0x000072a1d874bc38: a330 0748 | bfa8 dc9b | aca1 7200 | 008b 9f90 | 0000 0083 | c302 899f | 9000 0000 | 81e3 fe07 
  0x000072a1d874bc58: 0000 85db | 0f84 f403 | 0000 488b | fabb 0000 | 0000 483b 

  0x000072a1d874bc6c: ;   {metadata(method data for {method} {0x000000004d49e5c8} 'wait' '(J)V' in 'java/lang/Object')}
  0x000072a1d874bc6c: fb48 bfa8 | dc9b aca1 | 7200 00bb | e800 0000 | 7c05 bbd8 | 0000 0048 | 8b04 1f48 | 8d40 0148 
  0x000072a1d874bc8c: 8904 1f0f | 8c57 0200 

  0x000072a1d874bc94: ;   {metadata(method data for {method} {0x000000004d49e5c8} 'wait' '(J)V' in 'java/lang/Object')}
  0x000072a1d874bc94: 0048 bfa8 | dc9b aca1 | 7200 0048 | 8387 0801 | 0000 0149 | 8bbf 6804 | 0000 488b | 3f48 85ff 
  0x000072a1d874bcb4: ;   {metadata(method data for {method} {0x000000004d49e5c8} 'wait' '(J)V' in 'java/lang/Object')}
  0x000072a1d874bcb4: 48b9 a8dc | 9bac a172 | 0000 750c | 8089 1101 | 0000 01e9 | a700 0000 | 448b 4708 | 41ba 0000 
  0x000072a1d874bcd4: 004d 4d03 | c24c 3b81 | 2001 0000 | 750d 4883 | 8128 0100 | 0001 e960 | 0000 004c | 3b81 3001 
  0x000072a1d874bcf4: 0000 750d | 4883 8138 | 0100 0001 | e94a 0000 | 0048 83b9 | 2001 0000 | 0075 174c | 8981 2001 
  0x000072a1d874bd14: 0000 48c7 | 8128 0100 | 0001 0000 | 00e9 2900 | 0000 4883 | b930 0100 | 0000 7517 | 4c89 8130 
  0x000072a1d874bd34: 0100 0048 | c781 3801 | 0000 0100 | 0000 e908 | 0000 0048 | 8381 1801 

  0x000072a1d874bd4c: ;   {metadata('java/lang/VirtualThread')}
  0x000072a1d874bd4c: 0000 0149 | b830 2419 | 4d00 0000 | 008b 4708 | 41ba 0000 | 004d 4903 | c24c 3bc0 | 0f85 0500 
  0x000072a1d874bd6c: 0000 e905 | 0000 0048 | 33db eb05 | bb01 0000 

  0x000072a1d874bd7c: ;   {metadata(method data for {method} {0x000000004d49e5c8} 'wait' '(J)V' in 'java/lang/Object')}
  0x000072a1d874bd7c: 0085 db48 | bba8 dc9b | aca1 7200 | 00b8 4801 | 0000 7405 | b858 0100 | 0048 8b0c | 0348 8d49 
  0x000072a1d874bd9c: 0148 890c | 030f 840d | 0100 0048 

  0x000072a1d874bda8: ;   {metadata(method data for {method} {0x000000004d49e5c8} 'wait' '(J)V' in 'java/lang/Object')}
  0x000072a1d874bda8: 85ff 48b8 | a8dc 9bac | a172 0000 | 750c 8088 | 6101 0000 | 01e9 a600 | 0000 8b4f | 0841 ba00 
  0x000072a1d874bdc8: 0000 4d49 | 03ca 483b | 8870 0100 | 0075 0d48 | 8380 7801 | 0000 01e9 | 6000 0000 | 483b 8880 
  0x000072a1d874bde8: 0100 0075 | 0d48 8380 | 8801 0000 | 01e9 4a00 | 0000 4883 | b870 0100 | 0000 7517 | 4889 8870 
  0x000072a1d874be08: 0100 0048 | c780 7801 | 0000 0100 | 0000 e929 | 0000 0048 | 83b8 8001 | 0000 0075 | 1748 8988 
  0x000072a1d874be28: 8001 0000 | 48c7 8088 | 0100 0001 | 0000 00e9 | 0800 0000 | 4883 8068 | 0100 0001 

  0x000072a1d874be44: ;   {metadata('java/lang/VirtualThread')}
  0x000072a1d874be44: 48b9 3024 | 194d 0000 | 0000 8b5f | 0841 ba00 | 0000 4d49 | 03da 483b | cb0f 8514 | 0200 00e9 
  0x000072a1d874be64: 0000 0000 | 4889 7c24 | 2848 8bde 

  0x000072a1d874be70: ;   {metadata(method data for {method} {0x000000004d49e5c8} 'wait' '(J)V' in 'java/lang/Object')}
  0x000072a1d874be70: 48b8 a8dc | 9bac a172 | 0000 4883 | 8098 0100 | 0001 0f1f 

  0x000072a1d874be84: ;   {optimized virtual_call}
  0x000072a1d874be84: 4400 00e8 

  0x000072a1d874be88: ; ImmutableOopMap {[40]=Oop }
                      ;*invokevirtual wait0 {reexecute=0 rethrow=0 return_oop=0}
                      ; - java.lang.Object::wait@37 (line 382)
  0x000072a1d874be88: 5428 3207 

  0x000072a1d874be8c: ;   {post_call_nop}
  0x000072a1d874be8c: 0f1f 8400 | 8403 0000 

  0x000072a1d874be94: ;   {metadata(method data for {method} {0x000000004d49e5c8} 'wait' '(J)V' in 'java/lang/Object')}
  0x000072a1d874be94: 48ba a8dc | 9bac a172 | 0000 ff82 | c801 0000 | 4883 c450 

  0x000072a1d874bea8: ;   {poll_return}
  0x000072a1d874bea8: 5d49 3b67 | 280f 87cd | 0100 00c3 

  0x000072a1d874beb4: ;   {metadata(method data for {method} {0x000000004d49e5c8} 'wait' '(J)V' in 'java/lang/Object')}
  0x000072a1d874beb4: 488b fe48 | bba8 dc9b | aca1 7200 | 0048 8383 | 1002 0000 | 0166 0f1f 

  0x000072a1d874becc: ;   {optimized virtual_call}
  0x000072a1d874becc: 4400 00e8 

  0x000072a1d874bed0: ; ImmutableOopMap {}
                      ;*invokevirtual wait0 {reexecute=0 rethrow=0 return_oop=0}
                      ; - java.lang.Object::wait@55 (line 389)
  0x000072a1d874bed0: bcc0 8e07 

  0x000072a1d874bed4: ;   {post_call_nop}
  0x000072a1d874bed4: 0f1f 8400 | cc03 0001 | 4883 c450 

  0x000072a1d874bee0: ;   {poll_return}
  0x000072a1d874bee0: 5d49 3b67 | 280f 87ab | 0100 00c3 | 0f1f 4000 

  0x000072a1d874bef0: ;   {other}
  0x000072a1d874bef0: e9c6 0100 | 0000 0000 | 0000 498b | 87c8 0100 | 0048 8d78 | 2849 3bbf | d801 0000 | 0f87 b301 
  0x000072a1d874bf10: 0000 4989 | bfc8 0100 | 0048 c700 | 0100 0000 | 488b ca41 | ba00 0000 | 4d49 2bca | 8948 0848 
  0x000072a1d874bf30: 33c9 8948 | 0c48 33c9 | 4889 4810 | 4889 4818 | 4889 4820 

  0x000072a1d874bf44: ;   {metadata(method data for {method} {0x000000004d49e5c8} 'wait' '(J)V' in 'java/lang/Object')}
  0x000072a1d874bf44: 488b d048 | bea8 dc9b | aca1 7200 | 0048 8386 | f800 0000 

  0x000072a1d874bf58: ;   {oop("timeout value is negative"{0x0000000706400a00})}
  0x000072a1d874bf58: 0148 ba00 | 0a40 0607 | 0000 0048 | 8bf0 4889 | 4424 300f 

  0x000072a1d874bf6c: ;   {optimized virtual_call}
  0x000072a1d874bf6c: 1f40 00e8 

  0x000072a1d874bf70: ; ImmutableOopMap {[48]=Oop }
                      ;*invokespecial <init> {reexecute=0 rethrow=0 return_oop=0}
                      ; - java.lang.Object::wait@12 (line 377)
  0x000072a1d874bf70: 6c27 3207 

  0x000072a1d874bf74: ;   {post_call_nop}
  0x000072a1d874bf74: 0f1f 8400 | 6c04 0002 | 488b 4424 | 30e9 7801 | 0000 498b | 87e0 0500 | 004d 33d2 | 4d89 97e0 
  0x000072a1d874bf94: 0500 004d | 33d2 4d89 | 97e8 0500 | 0048 3b07 

  0x000072a1d874bfa4: ;   {metadata(method data for {method} {0x000000004d49e5c8} 'wait' '(J)V' in 'java/lang/Object')}
  0x000072a1d874bfa4: 488b f748 | bba8 dc9b | aca1 7200 | 008b 7608 | 41ba 0000 | 004d 4903 | f248 3bb3 | e801 0000 
  0x000072a1d874bfc4: 750d 4883 | 83f0 0100 | 0001 e960 | 0000 0048 | 3bb3 f801 | 0000 750d | 4883 8300 | 0200 0001 
  0x000072a1d874bfe4: e94a 0000 | 0048 83bb | e801 0000 | 0075 1748 | 89b3 e801 | 0000 48c7 | 83f0 0100 | 0001 0000 
  0x000072a1d874c004: 00e9 2900 | 0000 4883 | bbf8 0100 | 0000 7517 | 4889 b3f8 | 0100 0048 | c783 0002 | 0000 0100 
  0x000072a1d874c024: 0000 e908 | 0000 0048 | 8383 e001 | 0000 0148 | 8bf7 4889 | 4424 380f 

  0x000072a1d874c03c: ;   {optimized virtual_call}
  0x000072a1d874c03c: 1f40 00e8 

  0x000072a1d874c040: ; ImmutableOopMap {[56]=Oop }
                      ;*invokevirtual getAndClearInterrupt {reexecute=0 rethrow=0 return_oop=0}
                      ; - java.lang.Object::wait@46 (line 385)
  0x000072a1d874c040: 9c26 3207 

  0x000072a1d874c044: ;   {post_call_nop}
  0x000072a1d874c044: 0f1f 8400 | 3c05 0003 | 488b 4424 | 38e9 a800 

  0x000072a1d874c054: ;   {metadata({method} {0x000000004d49e5c8} 'wait' '(J)V' in 'java/lang/Object')}
  0x000072a1d874c054: 0000 49ba | c8e5 494d | 0000 0000 | 4c89 5424 | 0848 c704 | 24ff ffff 

  0x000072a1d874c06c: ;   {runtime_call C1 Runtime counter_overflow_blob}
  0x000072a1d874c06c: ffe8 ee3b 

  0x000072a1d874c070: ; ImmutableOopMap {rsi=Oop }
                      ;*synchronization entry
                      ; - java.lang.Object::wait@-1 (line 376)
  0x000072a1d874c070: 3f07 e9eb | fbff ff48 

  0x000072a1d874c078: ;   {runtime_call C1 Runtime throw_class_cast_exception_blob}
  0x000072a1d874c078: 893c 24e8 

  0x000072a1d874c07c: ; ImmutableOopMap {rsi=Oop }
                      ;*checkcast {reexecute=0 rethrow=0 return_oop=0}
                      ; - java.lang.Object::wait@31 (line 380)
  0x000072a1d874c07c: 6000 3f07 

  0x000072a1d874c080: ;   {internal_word}
  0x000072a1d874c080: 49ba a9be | 74d8 a172 | 0000 4d89 | 9738 0500 

  0x000072a1d874c090: ;   {runtime_call SafepointBlob}
  0x000072a1d874c090: 00e9 ca47 

  0x000072a1d874c094: ;   {internal_word}
  0x000072a1d874c094: 3207 49ba | e1be 74d8 | a172 0000 | 4d89 9738 

  0x000072a1d874c0a4: ;   {runtime_call SafepointBlob}
  0x000072a1d874c0a4: 0500 00e9 | b447 3207 

  0x000072a1d874c0ac: ;   {metadata(nullptr)}
  0x000072a1d874c0ac: 48ba 0000 | 0000 0000 | 0000 b800 

  0x000072a1d874c0b8: ;   {runtime_call C1 Runtime load_klass_patching_blob}
  0x000072a1d874c0b8: 0f05 0ae8 

  0x000072a1d874c0bc: ; ImmutableOopMap {}
                      ;*new {reexecute=1 rethrow=0 return_oop=0}
                      ; - (reexecute) java.lang.Object::wait@6 (line 377)
  0x000072a1d874c0bc: 2028 3f07 | e92b feff | ff48 8bd2 

  0x000072a1d874c0c8: ;   {runtime_call C1 Runtime fast_new_instance_blob}
  0x000072a1d874c0c8: e813 dc3e 

  0x000072a1d874c0cc: ; ImmutableOopMap {}
                      ;*new {reexecute=0 rethrow=0 return_oop=0}
                      ; - java.lang.Object::wait@6 (line 377)
  0x000072a1d874c0cc: 07e9 72fe 

  0x000072a1d874c0d0: ;   {runtime_call C1 Runtime throw_null_pointer_exception_blob}
  0x000072a1d874c0d0: ffff e809 

  0x000072a1d874c0d4: ; ImmutableOopMap {rdi=Oop rax=Oop }
                      ;*invokevirtual getAndClearInterrupt {reexecute=0 rethrow=0 return_oop=0}
                      ; - java.lang.Object::wait@46 (line 385)
  0x000072a1d874c0d4: d33e 0748 | 8b7c 2428 | e9a5 feff | ff49 8b87 | e005 0000 | 49c7 87e0 | 0500 0000 | 0000 0049 
  0x000072a1d874c0f4: c787 e805 | 0000 0000 | 0000 4883 

  0x000072a1d874c100: ;   {runtime_call C1 Runtime unwind_exception_blob}
  0x000072a1d874c100: c450 5de9 | d8c3 3e07 
[Stub Code]
  0x000072a1d874c108: ;   {other}
  0x000072a1d874c108: 0f1f 4400 

  0x000072a1d874c10c: ;   {static_stub}
  0x000072a1d874c10c: 0048 bb00 | 0000 0000 

  0x000072a1d874c114: ;   {runtime_call nmethod}
  0x000072a1d874c114: 0000 00e9 | fbff ffff 

  0x000072a1d874c11c: ;   {static_stub}
  0x000072a1d874c11c: 48bb 0000 | 0000 0000 

  0x000072a1d874c124: ;   {runtime_call nmethod}
  0x000072a1d874c124: 0000 e9fb 

  0x000072a1d874c128: ;   {static_stub}
  0x000072a1d874c128: ffff ff48 | bb00 0000 | 0000 0000 

  0x000072a1d874c134: ;   {runtime_call nmethod}
  0x000072a1d874c134: 00e9 fbff 

  0x000072a1d874c138: ;   {runtime_call C1 Runtime handle_exception_from_callee_blob}
  0x000072a1d874c138: ffff e8a1 

  0x000072a1d874c13c: ;   {external_word}
  0x000072a1d874c13c: f93e 0748 | bf50 3fa0 | f8a1 7200 | 0048 83e4 

  0x000072a1d874c14c: ;   {runtime_call MacroAssembler::debug64(char*, long, long*)}
  0x000072a1d874c14c: f0e8 9ef2 

  0x000072a1d874c150: ;   {section_word}
  0x000072a1d874c150: d31f f449 | ba53 c174 | d8a1 7200 

  0x000072a1d874c15c: ;   {runtime_call DeoptimizationBlob}
  0x000072a1d874c15c: 0041 52e9 | fc49 3207 | f4f4 f4f4 
[/MachCode]


---------------  P R O C E S S  ---------------

Threads class SMR info:
_java_thread_list=0x0000642231a70c00, length=48, elements={
0x000072a1f002a020, 0x000072a1f0114f80, 0x000072a1f01167b0, 0x000072a1f0118200,
0x000072a1f0119b20, 0x000072a1f011b3a0, 0x000072a1f011d1a0, 0x000072a1f011eb90,
0x000072a1f016af90, 0x000072a1f016df40, 0x000072a1f039b9f0, 0x000072a1f043ffc0,
0x000072a1f047ee50, 0x000072a1f0fa7b40, 0x000072a1f0fa4bc0, 0x000072a17000f5b0,
0x000072a164001640, 0x000072a164002970, 0x000072a164003e60, 0x000072a164005360,
0x000072a164006c60, 0x000072a1701cd840, 0x000072a1701d0b70, 0x000072a1702a84e0,
0x000072a1703d10f0, 0x000072a1704198c0, 0x000072a170461d10, 0x000072a1704aa210,
0x000072a164008810, 0x000072a154004a70, 0x000072a16c003320, 0x000072a1704c5d80,
0x000072a17083daf0, 0x000072a164009e60, 0x000072a16400b440, 0x000072a170a7f9b0,
0x000072a16400c9f0, 0x000072a16400da00, 0x000072a16400f290, 0x000072a164010660,
0x000072a164011c40, 0x000072a15813f7f0, 0x000072a158142ee0, 0x000072a1f0b17b40,
0x000072a1f0b183f0, 0x000072a1f0a91440, 0x000072a18c01d680, 0x0000642231a75a60
}

Java Threads: ( => current thread )
=>0x000072a1f002a020 JavaThread "main"                              [_thread_blocked, id=4881, stack(0x000072a1f758e000,0x000072a1f768e000) (1024K)]
  0x000072a1f0114f80 JavaThread "Reference Handler"          daemon [_thread_blocked, id=4891, stack(0x000072a1f4edb000,0x000072a1f4fdb000) (1024K)]
  0x000072a1f01167b0 JavaThread "Finalizer"                  daemon [_thread_blocked, id=4892, stack(0x000072a1f4dda000,0x000072a1f4eda000) (1024K)]
  0x000072a1f0118200 JavaThread "Signal Dispatcher"          daemon [_thread_blocked, id=4893, stack(0x000072a1f4cd9000,0x000072a1f4dd9000) (1024K)]
  0x000072a1f0119b20 JavaThread "Service Thread"             daemon [_thread_blocked, id=4894, stack(0x000072a1f4bd8000,0x000072a1f4cd8000) (1024K)]
  0x000072a1f011b3a0 JavaThread "Monitor Deflation Thread"   daemon [_thread_blocked, id=4895, stack(0x000072a1f4ad7000,0x000072a1f4bd7000) (1024K)]
  0x000072a1f011d1a0 JavaThread "C2 CompilerThread0"         daemon [_thread_blocked, id=4896, stack(0x000072a1f49d6000,0x000072a1f4ad6000) (1024K)]
  0x000072a1f011eb90 JavaThread "C1 CompilerThread0"         daemon [_thread_blocked, id=4897, stack(0x000072a1f48d5000,0x000072a1f49d5000) (1024K)]
  0x000072a1f016af90 JavaThread "Notification Thread"        daemon [_thread_blocked, id=4898, stack(0x000072a1f4794000,0x000072a1f4894000) (1024K)]
  0x000072a1f016df40 JavaThread "Common-Cleaner"             daemon [_thread_blocked, id=4899, stack(0x000072a1f4693000,0x000072a1f4793000) (1024K)]
  0x000072a1f039b9f0 JavaThread "Log4j2-TF-1-AsyncLogger[AsyncContext@341d43cd]-1" daemon [_thread_blocked, id=4901, stack(0x000072a1f4588000,0x000072a1f4688000) (1024K)]
  0x000072a1f043ffc0 JavaThread "process reaper"             daemon [_thread_blocked, id=4903, stack(0x000072a1f4562000,0x000072a1f4584000) (136K)]
  0x000072a1f047ee50 JavaThread "JLine terminal non blocking reader thread" daemon [_thread_in_native, id=4917, stack(0x000072a1f415e000,0x000072a1f425e000) (1024K)]
  0x000072a1f0fa7b40 JavaThread "ForkJoinPool.commonPool-worker-1" daemon [_thread_blocked, id=4972, stack(0x000072a1f404e000,0x000072a1f414e000) (1024K)]
  0x000072a1f0fa4bc0 JavaThread "LuckPerms - Task Executor #0" daemon [_thread_blocked, id=4973, stack(0x000072a1c5f00000,0x000072a1c6000000) (1024K)]
  0x000072a17000f5b0 JavaThread "Velocity Task Scheduler Timer" daemon [_thread_blocked, id=4974, stack(0x000072a1c5dff000,0x000072a1c5eff000) (1024K)]
  0x000072a164001640 JavaThread "LuckPerms - Task Executor #1" daemon [_thread_blocked, id=4975, stack(0x000072a1c5cfe000,0x000072a1c5dfe000) (1024K)]
  0x000072a164002970 JavaThread "LuckPerms - Task Executor #2" daemon [_thread_blocked, id=4976, stack(0x000072a1c5bfd000,0x000072a1c5cfd000) (1024K)]
  0x000072a164003e60 JavaThread "LuckPerms - Task Executor #3" daemon [_thread_blocked, id=4977, stack(0x000072a1c5afc000,0x000072a1c5bfc000) (1024K)]
  0x000072a164005360 JavaThread "LuckPerms - Task Executor #4" daemon [_thread_blocked, id=4978, stack(0x000072a1c59fb000,0x000072a1c5afb000) (1024K)]
  0x000072a164006c60 JavaThread "LuckPerms - Task Executor #5" daemon [_thread_blocked, id=4979, stack(0x000072a1c58fa000,0x000072a1c59fa000) (1024K)]
  0x000072a1701cd840 JavaThread "ForkJoinPool.commonPool-worker-2" daemon [_thread_blocked, id=4981, stack(0x000072a1c57f9000,0x000072a1c58f9000) (1024K)]
  0x000072a1701d0b70 JavaThread "FileSystemWatchService"     daemon [_thread_in_native, id=4982, stack(0x000072a1c56f8000,0x000072a1c57f8000) (1024K)]
  0x000072a1702a84e0 JavaThread "MVStore background writer /workspaces/eaglercraft-26.2/velocity/plugins/luckperms/luckperms-h2-v2.mv.db" daemon [_thread_blocked, id=4983, stack(0x000072a1c55f7000,0x000072a1c56f7000) (1024K)]
  0x000072a1703d10f0 JavaThread "SkinCacheDatastore Thread #1" daemon [_thread_blocked, id=4985, stack(0x000072a1c5100000,0x000072a1c5200000) (1024K)]
  0x000072a1704198c0 JavaThread "SkinCacheDatastore Thread #2" daemon [_thread_blocked, id=4986, stack(0x000072a1c4fff000,0x000072a1c50ff000) (1024K)]
  0x000072a170461d10 JavaThread "SkinCacheDatastore Thread #3" daemon [_thread_blocked, id=4987, stack(0x000072a1c4efe000,0x000072a1c4ffe000) (1024K)]
  0x000072a1704aa210 JavaThread "SkinCacheDatastore Thread #4" daemon [_thread_blocked, id=4988, stack(0x000072a1c4dfd000,0x000072a1c4efd000) (1024K)]
  0x000072a164008810 JavaThread "EaglercraftXServer - Task Executor #0" daemon [_thread_blocked, id=4989, stack(0x000072a1c4cfc000,0x000072a1c4dfc000) (1024K)]
  0x000072a154004a70 JavaThread "H2-serialization"           daemon [_thread_blocked, id=4990, stack(0x000072a1c4bfb000,0x000072a1c4cfb000) (1024K)]
  0x000072a16c003320 JavaThread "H2-save"                    daemon [_thread_blocked, id=4991, stack(0x000072a1c4afa000,0x000072a1c4bfa000) (1024K)]
  0x000072a1704c5d80 JavaThread "Netty epoll Worker #0"      daemon [_thread_in_native, id=4992, stack(0x000072a1c49f9000,0x000072a1c4af9000) (1024K)]
  0x000072a17083daf0 JavaThread "Java2D Disposer"            daemon [_thread_blocked, id=5014, stack(0x000072a1c48f8000,0x000072a1c49f8000) (1024K)]
  0x000072a164009e60 JavaThread "nAntiBot - Task Executor #0" daemon [_thread_blocked, id=5018, stack(0x000072a1c4521000,0x000072a1c4621000) (1024K)]
  0x000072a16400b440 JavaThread "nAntiBot - Task Executor #1" daemon [_thread_blocked, id=5024, stack(0x000072a153f00000,0x000072a154000000) (1024K)]
  0x000072a170a7f9b0 JavaThread "nAntiBot Watchdog"                 [_thread_blocked, id=5036, stack(0x000072a153dff000,0x000072a153eff000) (1024K)]
  0x000072a16400c9f0 JavaThread "nLogin - Task Executor #0"  daemon [_thread_blocked, id=5047, stack(0x000072a153cfe000,0x000072a153dfe000) (1024K)]
  0x000072a16400da00 JavaThread "nLogin - Task Executor #1"  daemon [_thread_blocked, id=5097, stack(0x000072a1c438d000,0x000072a1c448d000) (1024K)]
  0x000072a16400f290 JavaThread "ViaVersion - Task Executor #0" daemon [_thread_blocked, id=5103, stack(0x000072a153700000,0x000072a153800000) (1024K)]
  0x000072a164010660 JavaThread "ViaVersion - Task Executor #1" daemon [_thread_blocked, id=5104, stack(0x000072a1535ff000,0x000072a1536ff000) (1024K)]
  0x000072a164011c40 JavaThread "ViaVersion - Task Executor #2" daemon [_thread_blocked, id=5105, stack(0x000072a1534fe000,0x000072a1535fe000) (1024K)]
  0x000072a15813f7f0 JavaThread "Netty epoll Worker #1"      daemon [_thread_in_native, id=5106, stack(0x000072a1c428c000,0x000072a1c438c000) (1024K)]
  0x000072a158142ee0 JavaThread "Netty epoll Worker #2"      daemon [_thread_in_native, id=5107, stack(0x000072a1c408a000,0x000072a1c418a000) (1024K)]
  0x000072a1f0b17b40 JavaThread "Netty epoll Boss #0"               [_thread_in_native, id=5108, stack(0x000072a153bfd000,0x000072a153cfd000) (1024K)]
  0x000072a1f0b183f0 JavaThread "bStats-Metrics"             daemon [_thread_blocked, id=5109, stack(0x000072a1c418b000,0x000072a1c428b000) (1024K)]
  0x000072a1f0a91440 JavaThread "JLine-signal-dispatcher"    daemon [_thread_blocked, id=5113, stack(0x000072a1533fd000,0x000072a1534fd000) (1024K)]
  0x000072a18c01d680 JavaThread "nAntiBot Cloud epoll #0"           [_thread_in_native, id=5114, stack(0x000072a1532fc000,0x000072a1533fc000) (1024K)]
  0x0000642231a75a60 JavaThread "Thread-5"                   daemon [_thread_in_native, id=4880, stack(0x00007ffead168000,0x00007ffead966000) (8184K)]
Total: 48

Other Threads:
  0x000072a1f0108890 VMThread "VM Thread"                           [id=4890, stack(0x000072a1f543d000,0x000072a1f553d000) (1024K)]
  0x000072a1f00f89b0 WatcherThread "VM Periodic Task Thread"        [id=4889, stack(0x000072a1f553e000,0x000072a1f563e000) (1024K)]
  0x000072a1f0098380 WorkerThread "GC Thread#0"                     [id=4882, stack(0x000072a1f5e7a000,0x000072a1f5f7a000) (1024K)]
  0x000072a1b0006c90 WorkerThread "GC Thread#1"                     [id=4904, stack(0x000072a1f4461000,0x000072a1f4561000) (1024K)]
  0x000072a1b0007960 WorkerThread "GC Thread#2"                     [id=4905, stack(0x000072a1f4360000,0x000072a1f4460000) (1024K)]
  0x000072a1b00086a0 WorkerThread "GC Thread#3"                     [id=4906, stack(0x000072a1f425f000,0x000072a1f435f000) (1024K)]
  0x000072a1f00b1300 ConcurrentGCThread "G1 Main Marker"            [id=4883, stack(0x000072a1f5d79000,0x000072a1f5e79000) (1024K)]
  0x000072a1f00b24d0 WorkerThread "G1 Conc#0"                       [id=4884, stack(0x000072a1f5c78000,0x000072a1f5d78000) (1024K)]
  0x000072a1f00e09d0 ConcurrentGCThread "G1 Refine#0"               [id=4885, stack(0x000072a1f5773000,0x000072a1f5873000) (1024K)]
  0x000072a1f00e1bc0 ConcurrentGCThread "G1 Service"                [id=4886, stack(0x000072a1f5672000,0x000072a1f5772000) (1024K)]
Total: 10

Threads with active compile tasks:
Total: 0

VM state: not at safepoint (normal execution)

VM Mutex/Monitor currently owned by a thread: None

Heap address: 0x0000000706000000, size: 4000 MB, Compressed Oops mode: Zero based, Oop shift amount: 3

CDS archive(s) mapped at: [0x000000004d000000-0x000000004dd8d000-0x000000004dd8d000), size 14209024, SharedBaseAddress: 0x000000004d000000, ArchiveRelocationMode: 1.
Compressed class space mapped at: 0x000000004e000000-0x000000008e000000, reserved size: 1073741824
UseCompressedClassPointers 1, UseCompactObjectHeaders 0
Narrow klass pointer bits 32, Max shift 3
Narrow klass base: 0x000000004d000000, Narrow klass shift: 0
Encoding Range: [0x000000004d000000 - 0x000000014d000000), (4294967296 bytes)
Klass Range:    [0x000000004d001000 - 0x000000008e000000), (1090514944 bytes)
Klass ID Range:  [4096 - 1090519033) (1090514937)
Protection zone: [0x000000004d000000 - 0x000000004d001000), (4096 bytes)

GC Precious Log:
 CardTable entry size: 512
 Card Set container configuration: InlinePtr #cards 4 size 8 Array Of Cards #cards 16 size 48 Howl #buckets 8 coarsen threshold 3686 Howl Bitmap #cards 512 size 80 coarsen threshold 460 Card regions per heap region 1 cards per card region 4096
 CPUs: 4 total, 4 available
 Memory: 15995M
 Large Page Support: Disabled
 NUMA Support: Disabled
 Compressed Oops: Enabled (Zero based)
 Heap Region Size: 2M
 Heap Min Capacity: 8M
 Heap Initial Capacity: 250M
 Heap Max Capacity: 4000M
 Pre-touch: Disabled
 Parallel Workers: 4
 Concurrent Workers: 1
 Concurrent Refinement Workers: 4
 Periodic GC: Disabled
 G1 Time-Based Heap Sizing enabled (uncommit-only)
 Evaluation Interval: 60s, Uncommit Delay: 300s, Min Regions To Uncommit: 10

Heap:
 garbage-first heap   total reserved 4096000K, committed 249856K, used 142178K [0x0000000706000000, 0x0000000800000000)
  region size 2048K, 14 young (28672K), 8 survivors (16384K)

Heap Regions: E=young(eden), S=young(survivor), O=old, HS=humongous(starts), HC=humongous(continues), CS=collection set, F=free, TAMS=top-at-mark-start, PB=parsable bottom
|   0|0x0000000706000000, 0x0000000706200000, 0x0000000706200000|100%|HS|  |TAMS 0x0000000706000000| PB 0x0000000706000000| Complete |  0
|   1|0x0000000706200000, 0x0000000706400000, 0x0000000706400000|100%| O|  |TAMS 0x0000000706200000| PB 0x0000000706200000| Untracked |  0
|   2|0x0000000706400000, 0x0000000706600000, 0x0000000706600000|100%| O|  |TAMS 0x0000000706400000| PB 0x0000000706400000| Untracked |  0
|   3|0x0000000706600000, 0x0000000706800000, 0x0000000706800000|100%| O|  |TAMS 0x0000000706600000| PB 0x0000000706600000| Untracked |  0
|   4|0x0000000706800000, 0x0000000706a00000, 0x0000000706a00000|100%| O|  |TAMS 0x0000000706800000| PB 0x0000000706800000| Untracked |  0
|   5|0x0000000706a00000, 0x0000000706c00000, 0x0000000706c00000|100%| O|  |TAMS 0x0000000706a00000| PB 0x0000000706a00000| Untracked |  0
|   6|0x0000000706c00000, 0x0000000706e00000, 0x0000000706e00000|100%| O|  |TAMS 0x0000000706c00000| PB 0x0000000706c00000| Untracked |  0
|   7|0x0000000706e00000, 0x0000000707000000, 0x0000000707000000|100%| O|  |TAMS 0x0000000706e00000| PB 0x0000000706e00000| Untracked |  0
|   8|0x0000000707000000, 0x0000000707200000, 0x0000000707200000|100%| O|  |TAMS 0x0000000707000000| PB 0x0000000707000000| Untracked |  0
|   9|0x0000000707200000, 0x0000000707400000, 0x0000000707400000|100%| O|  |TAMS 0x0000000707200000| PB 0x0000000707200000| Untracked |  0
|  10|0x0000000707400000, 0x0000000707600000, 0x0000000707600000|100%| O|  |TAMS 0x0000000707400000| PB 0x0000000707400000| Untracked |  0
|  11|0x0000000707600000, 0x0000000707800000, 0x0000000707800000|100%| O|  |TAMS 0x0000000707600000| PB 0x0000000707600000| Untracked |  0
|  12|0x0000000707800000, 0x0000000707a00000, 0x0000000707a00000|100%| O|  |TAMS 0x0000000707800000| PB 0x0000000707800000| Untracked |  0
|  13|0x0000000707a00000, 0x0000000707c00000, 0x0000000707c00000|100%| O|  |TAMS 0x0000000707a00000| PB 0x0000000707a00000| Untracked |  0
|  14|0x0000000707c00000, 0x0000000707e00000, 0x0000000707e00000|100%| O|  |TAMS 0x0000000707c00000| PB 0x0000000707c00000| Untracked |  0
|  15|0x0000000707e00000, 0x0000000708000000, 0x0000000708000000|100%| O|  |TAMS 0x0000000707e00000| PB 0x0000000707e00000| Untracked |  0
|  16|0x0000000708000000, 0x0000000708200000, 0x0000000708200000|100%| O|  |TAMS 0x0000000708000000| PB 0x0000000708000000| Untracked |  0
|  17|0x0000000708200000, 0x0000000708400000, 0x0000000708400000|100%| O|  |TAMS 0x0000000708200000| PB 0x0000000708200000| Untracked |  0
|  18|0x0000000708400000, 0x0000000708600000, 0x0000000708600000|100%| O|  |TAMS 0x0000000708400000| PB 0x0000000708400000| Untracked |  0
|  19|0x0000000708600000, 0x0000000708800000, 0x0000000708800000|100%| O|  |TAMS 0x0000000708600000| PB 0x0000000708600000| Untracked |  0
|  20|0x0000000708800000, 0x0000000708a00000, 0x0000000708a00000|100%| O|  |TAMS 0x0000000708800000| PB 0x0000000708800000| Untracked |  0
|  21|0x0000000708a00000, 0x0000000708c00000, 0x0000000708c00000|100%| O|  |TAMS 0x0000000708a00000| PB 0x0000000708a00000| Untracked |  0
|  22|0x0000000708c00000, 0x0000000708e00000, 0x0000000708e00000|100%|HS|  |TAMS 0x0000000708c00000| PB 0x0000000708c00000| Complete |  0
|  23|0x0000000708e00000, 0x0000000709000000, 0x0000000709000000|100%| O|  |TAMS 0x0000000708e00000| PB 0x0000000708e00000| Untracked |  0
|  24|0x0000000709000000, 0x0000000709200000, 0x0000000709200000|100%| O|  |TAMS 0x0000000709000000| PB 0x0000000709000000| Untracked |  0
|  25|0x0000000709200000, 0x0000000709400000, 0x0000000709400000|100%| O|  |TAMS 0x0000000709200000| PB 0x0000000709200000| Untracked |  0
|  26|0x0000000709400000, 0x0000000709600000, 0x0000000709600000|100%| O|  |TAMS 0x0000000709400000| PB 0x0000000709400000| Untracked |  0
|  27|0x0000000709600000, 0x0000000709800000, 0x0000000709800000|100%| O|  |TAMS 0x0000000709600000| PB 0x0000000709600000| Untracked |  0
|  28|0x0000000709800000, 0x0000000709a00000, 0x0000000709a00000|100%| O|  |TAMS 0x0000000709800000| PB 0x0000000709800000| Untracked |  0
|  29|0x0000000709a00000, 0x0000000709c00000, 0x0000000709c00000|100%| O|  |TAMS 0x0000000709a00000| PB 0x0000000709a00000| Untracked |  0
|  30|0x0000000709c00000, 0x0000000709e00000, 0x0000000709e00000|100%| O|  |TAMS 0x0000000709c00000| PB 0x0000000709c00000| Untracked |  0
|  31|0x0000000709e00000, 0x000000070a000000, 0x000000070a000000|100%| O|  |TAMS 0x0000000709e00000| PB 0x0000000709e00000| Untracked |  0
|  32|0x000000070a000000, 0x000000070a200000, 0x000000070a200000|100%| O|  |TAMS 0x000000070a000000| PB 0x000000070a000000| Untracked |  0
|  33|0x000000070a200000, 0x000000070a400000, 0x000000070a400000|100%| O|  |TAMS 0x000000070a200000| PB 0x000000070a200000| Untracked |  0
|  34|0x000000070a400000, 0x000000070a600000, 0x000000070a600000|100%| O|  |TAMS 0x000000070a400000| PB 0x000000070a400000| Untracked |  0
|  35|0x000000070a600000, 0x000000070a800000, 0x000000070a800000|100%| O|  |TAMS 0x000000070a600000| PB 0x000000070a600000| Untracked |  0
|  36|0x000000070a800000, 0x000000070aa00000, 0x000000070aa00000|100%| O|  |TAMS 0x000000070a800000| PB 0x000000070a800000| Untracked |  0
|  37|0x000000070aa00000, 0x000000070ac00000, 0x000000070ac00000|100%| O|  |TAMS 0x000000070aa00000| PB 0x000000070aa00000| Untracked |  0
|  38|0x000000070ac00000, 0x000000070ae00000, 0x000000070ae00000|100%| O|Cm|TAMS 0x000000070ac00000| PB 0x000000070ac00000| Complete |  0
|  39|0x000000070ae00000, 0x000000070b000000, 0x000000070b000000|100%| O|Cm|TAMS 0x000000070ae00000| PB 0x000000070ae00000| Complete |  0
|  40|0x000000070b000000, 0x000000070b000000, 0x000000070b200000|  0%| F|  |TAMS 0x000000070b000000| PB 0x000000070b000000| Untracked |  0
|  41|0x000000070b200000, 0x000000070b200000, 0x000000070b400000|  0%| F|  |TAMS 0x000000070b200000| PB 0x000000070b200000| Untracked |  0
|  42|0x000000070b400000, 0x000000070b400000, 0x000000070b600000|  0%| F|  |TAMS 0x000000070b400000| PB 0x000000070b400000| Untracked |  0
|  43|0x000000070b600000, 0x000000070b600000, 0x000000070b800000|  0%| F|  |TAMS 0x000000070b600000| PB 0x000000070b600000| Untracked |  0
|  44|0x000000070b800000, 0x000000070b800000, 0x000000070ba00000|  0%| F|  |TAMS 0x000000070b800000| PB 0x000000070b800000| Untracked |  0
|  45|0x000000070ba00000, 0x000000070ba00000, 0x000000070bc00000|  0%| F|  |TAMS 0x000000070ba00000| PB 0x000000070ba00000| Untracked |  0
|  46|0x000000070bc00000, 0x000000070bc00000, 0x000000070be00000|  0%| F|  |TAMS 0x000000070bc00000| PB 0x000000070bc00000| Untracked |  0
|  47|0x000000070be00000, 0x000000070be00000, 0x000000070c000000|  0%| F|  |TAMS 0x000000070be00000| PB 0x000000070be00000| Untracked |  0
|  48|0x000000070c000000, 0x000000070c200000, 0x000000070c200000|100%| O|  |TAMS 0x000000070c000000| PB 0x000000070c000000| Untracked |  0
|  49|0x000000070c200000, 0x000000070c400000, 0x000000070c400000|100%| O|  |TAMS 0x000000070c200000| PB 0x000000070c200000| Untracked |  0
|  50|0x000000070c400000, 0x000000070c600000, 0x000000070c600000|100%| O|  |TAMS 0x000000070c400000| PB 0x000000070c400000| Untracked |  0
|  51|0x000000070c600000, 0x000000070c800000, 0x000000070c800000|100%| O|  |TAMS 0x000000070c600000| PB 0x000000070c600000| Untracked |  0
|  52|0x000000070c800000, 0x000000070ca00000, 0x000000070ca00000|100%| O|  |TAMS 0x000000070c800000| PB 0x000000070c800000| Untracked |  0
|  53|0x000000070ca00000, 0x000000070cc00000, 0x000000070cc00000|100%| O|  |TAMS 0x000000070ca00000| PB 0x000000070ca00000| Untracked |  0
|  54|0x000000070cc00000, 0x000000070ce00000, 0x000000070ce00000|100%| O|  |TAMS 0x000000070cc00000| PB 0x000000070cc00000| Untracked |  0
|  55|0x000000070ce00000, 0x000000070d000000, 0x000000070d000000|100%| S|CS|TAMS 0x000000070ce00000| PB 0x000000070ce00000| Complete |  0
|  56|0x000000070d000000, 0x000000070d200000, 0x000000070d200000|100%| S|CS|TAMS 0x000000070d000000| PB 0x000000070d000000| Complete |  0
|  57|0x000000070d200000, 0x000000070d400000, 0x000000070d400000|100%| S|CS|TAMS 0x000000070d200000| PB 0x000000070d200000| Complete |  0
|  58|0x000000070d400000, 0x000000070d600000, 0x000000070d600000|100%| S|CS|TAMS 0x000000070d400000| PB 0x000000070d400000| Complete |  0
|  59|0x000000070d600000, 0x000000070d800000, 0x000000070d800000|100%| S|CS|TAMS 0x000000070d600000| PB 0x000000070d600000| Complete |  0
|  60|0x000000070d800000, 0x000000070da00000, 0x000000070da00000|100%| S|CS|TAMS 0x000000070d800000| PB 0x000000070d800000| Complete |  0
|  61|0x000000070da00000, 0x000000070da00000, 0x000000070dc00000|  0%| F|  |TAMS 0x000000070da00000| PB 0x000000070da00000| Untracked |  0
|  62|0x000000070dc00000, 0x000000070dc00000, 0x000000070de00000|  0%| F|  |TAMS 0x000000070dc00000| PB 0x000000070dc00000| Untracked |  0
|  63|0x000000070de00000, 0x000000070de00000, 0x000000070e000000|  0%| F|  |TAMS 0x000000070de00000| PB 0x000000070de00000| Untracked |  0
|  64|0x000000070e000000, 0x000000070e000000, 0x000000070e200000|  0%| F|  |TAMS 0x000000070e000000| PB 0x000000070e000000| Untracked |  0
|  65|0x000000070e200000, 0x000000070e200000, 0x000000070e400000|  0%| F|  |TAMS 0x000000070e200000| PB 0x000000070e200000| Untracked |  0
|  66|0x000000070e400000, 0x000000070e400000, 0x000000070e600000|  0%| F|  |TAMS 0x000000070e400000| PB 0x000000070e400000| Untracked |  0
|  67|0x000000070e600000, 0x000000070e600000, 0x000000070e800000|  0%| F|  |TAMS 0x000000070e600000| PB 0x000000070e600000| Untracked |  0
|  68|0x000000070e800000, 0x000000070e800000, 0x000000070ea00000|  0%| F|  |TAMS 0x000000070e800000| PB 0x000000070e800000| Untracked |  0
|  69|0x000000070ea00000, 0x000000070ea00000, 0x000000070ec00000|  0%| F|  |TAMS 0x000000070ea00000| PB 0x000000070ea00000| Untracked |  0
|  70|0x000000070ec00000, 0x000000070ec00000, 0x000000070ee00000|  0%| F|  |TAMS 0x000000070ec00000| PB 0x000000070ec00000| Untracked |  0
|  71|0x000000070ee00000, 0x000000070ee00000, 0x000000070f000000|  0%| F|  |TAMS 0x000000070ee00000| PB 0x000000070ee00000| Untracked |  0
|  72|0x000000070f000000, 0x000000070f000000, 0x000000070f200000|  0%| F|  |TAMS 0x000000070f000000| PB 0x000000070f000000| Untracked |  0
|  73|0x000000070f200000, 0x000000070f200000, 0x000000070f400000|  0%| F|  |TAMS 0x000000070f200000| PB 0x000000070f200000| Untracked |  0
|  74|0x000000070f400000, 0x000000070f400000, 0x000000070f600000|  0%| F|  |TAMS 0x000000070f400000| PB 0x000000070f400000| Untracked |  0
|  75|0x000000070f600000, 0x000000070f600000, 0x000000070f800000|  0%| F|  |TAMS 0x000000070f600000| PB 0x000000070f600000| Untracked |  0
|  76|0x000000070f800000, 0x000000070f800000, 0x000000070fa00000|  0%| F|  |TAMS 0x000000070f800000| PB 0x000000070f800000| Untracked |  0
|  77|0x000000070fa00000, 0x000000070fa00000, 0x000000070fc00000|  0%| F|  |TAMS 0x000000070fa00000| PB 0x000000070fa00000| Untracked |  0
|  78|0x000000070fc00000, 0x000000070fc00000, 0x000000070fe00000|  0%| F|  |TAMS 0x000000070fc00000| PB 0x000000070fc00000| Untracked |  0
|  79|0x000000070fe00000, 0x000000070fe00000, 0x0000000710000000|  0%| F|  |TAMS 0x000000070fe00000| PB 0x000000070fe00000| Untracked |  0
|  80|0x0000000710000000, 0x0000000710000000, 0x0000000710200000|  0%| F|  |TAMS 0x0000000710000000| PB 0x0000000710000000| Untracked |  0
|  81|0x0000000710200000, 0x0000000710200000, 0x0000000710400000|  0%| F|  |TAMS 0x0000000710200000| PB 0x0000000710200000| Untracked |  0
|  82|0x0000000710400000, 0x0000000710400000, 0x0000000710600000|  0%| F|  |TAMS 0x0000000710400000| PB 0x0000000710400000| Untracked |  0
|  83|0x0000000710600000, 0x0000000710600000, 0x0000000710800000|  0%| F|  |TAMS 0x0000000710600000| PB 0x0000000710600000| Untracked |  0
|  84|0x0000000710800000, 0x0000000710800000, 0x0000000710a00000|  0%| F|  |TAMS 0x0000000710800000| PB 0x0000000710800000| Untracked |  0
|  85|0x0000000710a00000, 0x0000000710a00000, 0x0000000710c00000|  0%| F|  |TAMS 0x0000000710a00000| PB 0x0000000710a00000| Untracked |  0
|  86|0x0000000710c00000, 0x0000000710c00000, 0x0000000710e00000|  0%| F|  |TAMS 0x0000000710c00000| PB 0x0000000710c00000| Untracked |  0
|  87|0x0000000710e00000, 0x0000000710e00000, 0x0000000711000000|  0%| F|  |TAMS 0x0000000710e00000| PB 0x0000000710e00000| Untracked |  0
|  88|0x0000000711000000, 0x0000000711000000, 0x0000000711200000|  0%| F|  |TAMS 0x0000000711000000| PB 0x0000000711000000| Untracked |  0
|  89|0x0000000711200000, 0x0000000711200000, 0x0000000711400000|  0%| F|  |TAMS 0x0000000711200000| PB 0x0000000711200000| Untracked |  0
|  90|0x0000000711400000, 0x0000000711400000, 0x0000000711600000|  0%| F|  |TAMS 0x0000000711400000| PB 0x0000000711400000| Untracked |  0
|  91|0x0000000711600000, 0x0000000711600000, 0x0000000711800000|  0%| F|  |TAMS 0x0000000711600000| PB 0x0000000711600000| Untracked |  0
|  92|0x0000000711800000, 0x0000000711800000, 0x0000000711a00000|  0%| F|  |TAMS 0x0000000711800000| PB 0x0000000711800000| Untracked |  0
|  93|0x0000000711a00000, 0x0000000711a00000, 0x0000000711c00000|  0%| F|  |TAMS 0x0000000711a00000| PB 0x0000000711a00000| Untracked |  0
|  94|0x0000000711c00000, 0x0000000711c00000, 0x0000000711e00000|  0%| F|  |TAMS 0x0000000711c00000| PB 0x0000000711c00000| Untracked |  0
|  95|0x0000000711e00000, 0x0000000711e00000, 0x0000000712000000|  0%| F|  |TAMS 0x0000000711e00000| PB 0x0000000711e00000| Untracked |  0
|  96|0x0000000712000000, 0x0000000712000000, 0x0000000712200000|  0%| F|  |TAMS 0x0000000712000000| PB 0x0000000712000000| Untracked |  0
|  97|0x0000000712200000, 0x0000000712200000, 0x0000000712400000|  0%| F|  |TAMS 0x0000000712200000| PB 0x0000000712200000| Untracked |  0
|  98|0x0000000712400000, 0x0000000712400000, 0x0000000712600000|  0%| F|  |TAMS 0x0000000712400000| PB 0x0000000712400000| Untracked |  0
|  99|0x0000000712600000, 0x0000000712600000, 0x0000000712800000|  0%| F|  |TAMS 0x0000000712600000| PB 0x0000000712600000| Untracked |  0
| 100|0x0000000712800000, 0x0000000712800000, 0x0000000712a00000|  0%| F|  |TAMS 0x0000000712800000| PB 0x0000000712800000| Untracked |  0
| 101|0x0000000712a00000, 0x0000000712a00000, 0x0000000712c00000|  0%| F|  |TAMS 0x0000000712a00000| PB 0x0000000712a00000| Untracked |  0
| 102|0x0000000712c00000, 0x0000000712c00000, 0x0000000712e00000|  0%| F|  |TAMS 0x0000000712c00000| PB 0x0000000712c00000| Untracked |  0
| 103|0x0000000712e00000, 0x0000000712e00000, 0x0000000713000000|  0%| F|  |TAMS 0x0000000712e00000| PB 0x0000000712e00000| Untracked |  0
| 104|0x0000000713000000, 0x000000071306ee50, 0x0000000713200000| 21%| E|  |TAMS 0x0000000713000000| PB 0x0000000713000000| Complete |  0
| 105|0x0000000713200000, 0x0000000713400000, 0x0000000713400000|100%| E|CS|TAMS 0x0000000713200000| PB 0x0000000713200000| Complete |  0
| 106|0x0000000713400000, 0x0000000713600000, 0x0000000713600000|100%| E|CS|TAMS 0x0000000713400000| PB 0x0000000713400000| Complete |  0
| 107|0x0000000713600000, 0x0000000713800000, 0x0000000713800000|100%| E|CS|TAMS 0x0000000713600000| PB 0x0000000713600000| Complete |  0
| 108|0x0000000713800000, 0x0000000713a00000, 0x0000000713a00000|100%| E|CS|TAMS 0x0000000713800000| PB 0x0000000713800000| Complete |  0
| 109|0x0000000713a00000, 0x0000000713c00000, 0x0000000713c00000|100%| S|CS|TAMS 0x0000000713a00000| PB 0x0000000713a00000| Complete |  0
| 110|0x0000000713c00000, 0x0000000713e00000, 0x0000000713e00000|100%| S|CS|TAMS 0x0000000713c00000| PB 0x0000000713c00000| Complete |  0
|1989|0x00000007fea00000, 0x00000007fead8b50, 0x00000007fec00000| 42%| O|  |TAMS 0x00000007fea00000| PB 0x00000007fea00000| Untracked |  0
|1990|0x00000007fec00000, 0x00000007fee00000, 0x00000007fee00000|100%| O|  |TAMS 0x00000007fec00000| PB 0x00000007fec00000| Untracked |  0
|1991|0x00000007fee00000, 0x00000007ff000000, 0x00000007ff000000|100%| O|  |TAMS 0x00000007fee00000| PB 0x00000007fee00000| Untracked |  0
|1992|0x00000007ff000000, 0x00000007ff200000, 0x00000007ff200000|100%| O|  |TAMS 0x00000007ff000000| PB 0x00000007ff000000| Untracked |  0
|1993|0x00000007ff200000, 0x00000007ff400000, 0x00000007ff400000|100%| O|  |TAMS 0x00000007ff200000| PB 0x00000007ff200000| Untracked |  0
|1994|0x00000007ff400000, 0x00000007ff600000, 0x00000007ff600000|100%| O|  |TAMS 0x00000007ff400000| PB 0x00000007ff400000| Untracked |  0
|1995|0x00000007ff600000, 0x00000007ff800000, 0x00000007ff800000|100%| O|  |TAMS 0x00000007ff600000| PB 0x00000007ff600000| Untracked |  0
|1996|0x00000007ff800000, 0x00000007ffa00000, 0x00000007ffa00000|100%| O|  |TAMS 0x00000007ff800000| PB 0x00000007ff800000| Untracked |  0
|1997|0x00000007ffa00000, 0x00000007ffc00000, 0x00000007ffc00000|100%| O|Cm|TAMS 0x00000007ffa00000| PB 0x00000007ffa00000| Complete |  0
|1998|0x00000007ffc00000, 0x00000007ffe00000, 0x00000007ffe00000|100%| O|  |TAMS 0x00000007ffc00000| PB 0x00000007ffc00000| Untracked |  0
|1999|0x00000007ffe00000, 0x0000000800000000, 0x0000000800000000|100%| E|CS|TAMS 0x00000007ffe00000| PB 0x00000007ffe00000| Complete |  0

Card table byte_map: [0x000072a1f5fbd000,0x000072a1f678d000] _byte_map_base: 0x000072a1f278d000

Marking Bits: (CMBitMap*) 0x000072a1f00990d0
 Bits: [0x000072a1d4668000, 0x000072a1d84e8000)

Polling page: 0x000072a1f9106000

Metaspace:
Metaspace        used 99986K, committed 101120K, reserved 1179648K
 class space     used 13945K, committed 14464K, reserved 1048576K

Usage:
  Non-class:     84.02 MB used.
      Class:     13.62 MB used.
       Both:     97.64 MB used.

Virtual space:
  Non-class space:      128.00 MB reserved,      84.62 MB ( 66%) committed,  2 nodes.
      Class space:        1.00 GB reserved,      14.12 MB (  1%) committed,  1 nodes.
             Both:        1.12 GB reserved,      98.75 MB (  9%) committed. 

Chunk freelists:
   Non-Class:  11.22 MB
       Class:  1.81 MB
        Both:  13.03 MB

MaxMetaspaceSize: unlimited
CompressedClassSpaceSize: 1.00 GB
Initial GC threshold: 21.00 MB
Current GC threshold: 154.31 MB
CDS: on
 - commit_granule_bytes: 65536.
 - commit_granule_words: 8192.
 - virtual_space_node_default_size: 8388608.
 - enlarge_chunks_in_place: 1.
UseCompressedClassPointers 1, UseCompactObjectHeaders 0
Narrow klass pointer bits 32, Max shift 3
Narrow klass base: 0x000000004d000000, Narrow klass shift: 0
Encoding Range: [0x000000004d000000 - 0x000000014d000000), (4294967296 bytes)
Klass Range:    [0x000000004d001000 - 0x000000008e000000), (1090514944 bytes)
Klass ID Range:  [4096 - 1090519033) (1090514937)
Protection zone: [0x000000004d000000 - 0x000000004d001000), (4096 bytes)


Internal statistics:

num_allocs_failed_limit: 18.
num_arena_births: 1282.
num_arena_deaths: 4.
num_vsnodes_births: 3.
num_vsnodes_deaths: 0.
num_space_committed: 1578.
num_space_uncommitted: 0.
num_chunks_returned_to_freelist: 22.
num_chunks_taken_from_freelist: 4797.
num_chunk_merges: 15.
num_chunk_splits: 3331.
num_chunks_enlarged: 2471.
num_inconsistent_stats: 0.

CodeHeap 'non-profiled nmethods': size=120032Kb used=3037Kb max_used=3037Kb free=116995Kb
 bounds [0x000072a1dffb1000, 0x000072a1e02b1000, 0x000072a1e74e9000]
CodeHeap 'profiled nmethods': size=120032Kb used=10499Kb max_used=10499Kb free=109533Kb
 bounds [0x000072a1d84e8000, 0x000072a1d8f38000, 0x000072a1dfa20000]
CodeHeap 'non-nmethods': size=5700Kb used=2156Kb max_used=2287Kb free=3543Kb
 bounds [0x000072a1dfa20000, 0x000072a1dfc90000, 0x000072a1dffb1000]
CodeCache: size=245764Kb, used=15692Kb, max_used=15823Kb, free=230071Kb
 total_blobs=9582, nmethods=8471, adapters=1006, full_count=0
Compilation: enabled, stopped_count=0, restarted_count=0

Compilation events (20 events):
Event: 26.627 Thread 0x000072a1f011eb90 10280       3       com.nickuc.antibot.καΦζθθυυεφΦγ::M (10 bytes)
Event: 26.627 Thread 0x000072a1f011eb90 nmethod 10280 0x000072a1d8f1fb08 code [0x000072a1d8f1fc00, 0x000072a1d8f1fdd0]
Event: 26.627 Thread 0x000072a1f011eb90 10281       3       com.nickuc.antibot.ςκψψρχΠξψγιρτΓν::a (328 bytes)
Event: 26.628 Thread 0x000072a1f011eb90 nmethod 10281 0x000072a1d8f1fe08 code [0x000072a1d8f1ff00, 0x000072a1d8f22750]
Event: 26.628 Thread 0x000072a1f011eb90 10282  s    3       com.nickuc.antibot.ςκψψρχΠξψγιρτΓν::B (245 bytes)
Event: 26.629 Thread 0x000072a1f011eb90 nmethod 10282 0x000072a1d8f22788 code [0x000072a1d8f22880, 0x000072a1d8f25610]
Event: 27.224 Thread 0x000072a1f011eb90 10283       3       com.nickuc.antibot.νεΓτεκΓηζεΔλιΩ::Y (5 bytes)
Event: 27.225 Thread 0x000072a1f011eb90 nmethod 10283 0x000072a1d8f25688 code [0x000072a1d8f25780, 0x000072a1d8f25918]
Event: 27.474 Thread 0x000072a1f011eb90 10284   !   3       com.nickuc.antibot.μΓμρΨπζνιφφβΩΛΓ::b (88 bytes)
Event: 27.474 Thread 0x000072a1f011eb90 nmethod 10284 0x000072a1d8f25988 code [0x000072a1d8f25a80, 0x000072a1d8f25de8]
Event: 27.474 Thread 0x000072a1f011eb90 10285       3       com.nickuc.antibot.γΦΠυρρρπη::a (114 bytes)
Event: 27.475 Thread 0x000072a1f011eb90 nmethod 10285 0x000072a1d8f25e08 code [0x000072a1d8f25f00, 0x000072a1d8f27668]
Event: 27.562 Thread 0x000072a1f011eb90 10286       3       io.netty.util.internal.DefaultPriorityQueue::peek (5 bytes)
Event: 27.562 Thread 0x000072a1f011eb90 nmethod 10286 0x000072a1d8f27688 code [0x000072a1d8f27780, 0x000072a1d8f279f8]
Event: 27.562 Thread 0x000072a1f011eb90 10287       3       io.netty.util.internal.DefaultPriorityQueue::peek (18 bytes)
Event: 27.562 Thread 0x000072a1f011eb90 nmethod 10287 0x000072a1d8f27a08 code [0x000072a1d8f27b00, 0x000072a1d8f27ca8]
Event: 27.945 Thread 0x000072a1f011d1a0 10288       4       java.util.concurrent.ThreadPoolExecutor::runStateAtLeast (11 bytes)
Event: 27.945 Thread 0x000072a1f011d1a0 nmethod 10288 0x000072a1e02a6d08 code [0x000072a1e02a6e00, 0x000072a1e02a6e80]
Event: 28.364 Thread 0x000072a1f011eb90 10289       3       io.netty.util.concurrent.Ticker::systemTicker (4 bytes)
Event: 28.364 Thread 0x000072a1f011eb90 nmethod 10289 0x000072a1d8f27d08 code [0x000072a1d8f27e00, 0x000072a1d8f27ee8]

GC Heap Usage History (20 events):
Event: 8.818 {heap Before GC invocations=18 (full 0):
 garbage-first heap   total reserved 4096000K, committed 182272K, used 155445K [0x0000000706000000, 0x0000000800000000)
  region size 2048K, 45 young (92160K), 2 survivors (4096K)
}
Event: 8.821 {heap After GC invocations=19 (full 0):
 garbage-first heap   total reserved 4096000K, committed 182272K, used 67653K [0x0000000706000000, 0x0000000800000000)
  region size 2048K, 2 young (4096K), 2 survivors (4096K)
}
Event: 9.264 {heap Before GC invocations=19 (full 0):
 garbage-first heap   total reserved 4096000K, committed 182272K, used 163909K [0x0000000706000000, 0x0000000800000000)
  region size 2048K, 49 young (100352K), 2 survivors (4096K)
}
Event: 9.272 {heap After GC invocations=20 (full 0):
 garbage-first heap   total reserved 4096000K, committed 182272K, used 67938K [0x0000000706000000, 0x0000000800000000)
  region size 2048K, 3 young (6144K), 3 survivors (6144K)
}
Event: 9.652 {heap Before GC invocations=20 (full 0):
 garbage-first heap   total reserved 4096000K, committed 182272K, used 166242K [0x0000000706000000, 0x0000000800000000)
  region size 2048K, 51 young (104448K), 3 survivors (6144K)
}
Event: 9.657 {heap After GC invocations=21 (full 0):
 garbage-first heap   total reserved 4096000K, committed 182272K, used 68154K [0x0000000706000000, 0x0000000800000000)
  region size 2048K, 3 young (6144K), 3 survivors (6144K)
}
Event: 10.081 {heap Before GC invocations=22 (full 0):
 garbage-first heap   total reserved 4096000K, committed 182272K, used 168506K [0x0000000706000000, 0x0000000800000000)
  region size 2048K, 52 young (106496K), 3 survivors (6144K)
}
Event: 10.088 {heap After GC invocations=23 (full 0):
 garbage-first heap   total reserved 4096000K, committed 182272K, used 70112K [0x0000000706000000, 0x0000000800000000)
  region size 2048K, 4 young (8192K), 4 survivors (8192K)
}
Event: 10.449 {heap Before GC invocations=23 (full 0):
 garbage-first heap   total reserved 4096000K, committed 182272K, used 168416K [0x0000000706000000, 0x0000000800000000)
  region size 2048K, 52 young (106496K), 4 survivors (8192K)
}
Event: 10.461 {heap After GC invocations=24 (full 0):
 garbage-first heap   total reserved 4096000K, committed 182272K, used 70673K [0x0000000706000000, 0x0000000800000000)
  region size 2048K, 5 young (10240K), 5 survivors (10240K)
}
Event: 10.820 {heap Before GC invocations=24 (full 0):
 garbage-first heap   total reserved 4096000K, committed 182272K, used 166929K [0x0000000706000000, 0x0000000800000000)
  region size 2048K, 53 young (108544K), 5 survivors (10240K)
}
Event: 10.834 {heap After GC invocations=25 (full 0):
 garbage-first heap   total reserved 4096000K, committed 227328K, used 74473K [0x0000000706000000, 0x0000000800000000)
  region size 2048K, 6 young (12288K), 6 survivors (12288K)
}
Event: 11.316 {heap Before GC invocations=26 (full 0):
 garbage-first heap   total reserved 4096000K, committed 227328K, used 195305K [0x0000000706000000, 0x0000000800000000)
  region size 2048K, 66 young (135168K), 6 survivors (12288K)
}
Event: 11.334 {heap After GC invocations=27 (full 0):
 garbage-first heap   total reserved 4096000K, committed 227328K, used 83651K [0x0000000706000000, 0x0000000800000000)
  region size 2048K, 9 young (18432K), 9 survivors (18432K)
}
Event: 11.965 {heap Before GC invocations=27 (full 0):
 garbage-first heap   total reserved 4096000K, committed 227328K, used 198339K [0x0000000706000000, 0x0000000800000000)
  region size 2048K, 66 young (135168K), 9 survivors (18432K)
}
Event: 11.987 {heap After GC invocations=28 (full 0):
 garbage-first heap   total reserved 4096000K, committed 229376K, used 89680K [0x0000000706000000, 0x0000000800000000)
  region size 2048K, 4 young (8192K), 4 survivors (8192K)
}
Event: 12.880 {heap Before GC invocations=28 (full 0):
 garbage-first heap   total reserved 4096000K, committed 229376K, used 206416K [0x0000000706000000, 0x0000000800000000)
  region size 2048K, 62 young (126976K), 4 survivors (8192K)
}
Event: 12.899 {heap After GC invocations=29 (full 0):
 garbage-first heap   total reserved 4096000K, committed 233472K, used 105949K [0x0000000706000000, 0x0000000800000000)
  region size 2048K, 8 young (16384K), 8 survivors (16384K)
}
Event: 13.387 {heap Before GC invocations=30 (full 0):
 garbage-first heap   total reserved 4096000K, committed 233472K, used 204253K [0x0000000706000000, 0x0000000800000000)
  region size 2048K, 57 young (116736K), 8 survivors (16384K)
}
Event: 13.449 {heap After GC invocations=31 (full 0):
 garbage-first heap   total reserved 4096000K, committed 249856K, used 131938K [0x0000000706000000, 0x0000000800000000)
  region size 2048K, 8 young (16384K), 8 survivors (16384K)
}

Metaspace Usage History (20 events):
Event: 8.818 {metaspace Before GC invocations=18 (full 0):
 Metaspace       used 68194K, committed 69184K, reserved 1114112K
  class space    used 8706K, committed 9152K, reserved 1048576K
}
Event: 8.821 {metaspace After GC invocations=19 (full 0):
 Metaspace       used 68194K, committed 69184K, reserved 1114112K
  class space    used 8706K, committed 9152K, reserved 1048576K
}
Event: 9.264 {metaspace Before GC invocations=19 (full 0):
 Metaspace       used 70647K, committed 71616K, reserved 1114112K
  class space    used 8878K, committed 9280K, reserved 1048576K
}
Event: 9.272 {metaspace After GC invocations=20 (full 0):
 Metaspace       used 70647K, committed 71616K, reserved 1114112K
  class space    used 8878K, committed 9280K, reserved 1048576K
}
Event: 9.652 {metaspace Before GC invocations=20 (full 0):
 Metaspace       used 72101K, committed 73088K, reserved 1114112K
  class space    used 9014K, committed 9408K, reserved 1048576K
}
Event: 9.657 {metaspace After GC invocations=21 (full 0):
 Metaspace       used 72101K, committed 73088K, reserved 1114112K
  class space    used 9014K, committed 9408K, reserved 1048576K
}
Event: 10.081 {metaspace Before GC invocations=22 (full 0):
 Metaspace       used 74628K, committed 75648K, reserved 1179648K
  class space    used 9171K, committed 9600K, reserved 1048576K
}
Event: 10.088 {metaspace After GC invocations=23 (full 0):
 Metaspace       used 74628K, committed 75648K, reserved 1179648K
  class space    used 9171K, committed 9600K, reserved 1048576K
}
Event: 10.449 {metaspace Before GC invocations=23 (full 0):
 Metaspace       used 76009K, committed 76928K, reserved 1179648K
  class space    used 9410K, committed 9792K, reserved 1048576K
}
Event: 10.461 {metaspace After GC invocations=24 (full 0):
 Metaspace       used 76009K, committed 76928K, reserved 1179648K
  class space    used 9410K, committed 9792K, reserved 1048576K
}
Event: 10.820 {metaspace Before GC invocations=24 (full 0):
 Metaspace       used 76570K, committed 77568K, reserved 1179648K
  class space    used 9481K, committed 9920K, reserved 1048576K
}
Event: 10.834 {metaspace After GC invocations=25 (full 0):
 Metaspace       used 76570K, committed 77568K, reserved 1179648K
  class space    used 9481K, committed 9920K, reserved 1048576K
}
Event: 11.316 {metaspace Before GC invocations=26 (full 0):
 Metaspace       used 77595K, committed 78592K, reserved 1179648K
  class space    used 9644K, committed 10048K, reserved 1048576K
}
Event: 11.334 {metaspace After GC invocations=27 (full 0):
 Metaspace       used 77595K, committed 78592K, reserved 1179648K
  class space    used 9644K, committed 10048K, reserved 1048576K
}
Event: 11.965 {metaspace Before GC invocations=27 (full 0):
 Metaspace       used 78849K, committed 79808K, reserved 1179648K
  class space    used 9845K, committed 10240K, reserved 1048576K
}
Event: 11.987 {metaspace After GC invocations=28 (full 0):
 Metaspace       used 78849K, committed 79808K, reserved 1179648K
  class space    used 9845K, committed 10240K, reserved 1048576K
}
Event: 12.880 {metaspace Before GC invocations=28 (full 0):
 Metaspace       used 90958K, committed 92032K, reserved 1179648K
  class space    used 12161K, committed 12672K, reserved 1048576K
}
Event: 12.899 {metaspace After GC invocations=29 (full 0):
 Metaspace       used 90958K, committed 92032K, reserved 1179648K
  class space    used 12161K, committed 12672K, reserved 1048576K
}
Event: 13.387 {metaspace Before GC invocations=30 (full 0):
 Metaspace       used 98925K, committed 100032K, reserved 1179648K
  class space    used 13768K, committed 14272K, reserved 1048576K
}
Event: 13.449 {metaspace After GC invocations=31 (full 0):
 Metaspace       used 98925K, committed 100032K, reserved 1179648K
  class space    used 13768K, committed 14272K, reserved 1048576K
}

Dll operation events (20 events):
Event: 1.992 Attempting to load shared library /tmp/native-13218227522164663811.so
Event: 1.993 Loaded shared library /tmp/native-13218227522164663811.so
Event: 1.995 Attempting to load shared library /tmp/native-3258405374973257131.so
Event: 1.996 Loaded shared library /tmp/native-3258405374973257131.so
Event: 2.567 Attempting to load shared library /usr/local/sdkman/candidates/java/25.0.4+1-ms/lib/libverify.so
Event: 2.567 Loaded shared library /usr/local/sdkman/candidates/java/25.0.4+1-ms/lib/libverify.so
Event: 3.072 Attempting to load shared library /usr/local/sdkman/candidates/java/25.0.4+1-ms/lib/libawt.so
Event: 3.075 Loaded shared library /usr/local/sdkman/candidates/java/25.0.4+1-ms/lib/libawt.so
Event: 3.076 Attempting to load shared library /usr/local/sdkman/candidates/java/25.0.4+1-ms/lib/libawt_headless.so
Event: 3.077 Loaded shared library /usr/local/sdkman/candidates/java/25.0.4+1-ms/lib/libawt_headless.so
Event: 4.749 Attempting to load shared library /tmp/sqlite-3.53.0.0-ff46b832-9ad9-4434-af03-d94e6f7f2eb1-libsqlitejdbc.so
Event: 4.749 Loaded shared library /tmp/sqlite-3.53.0.0-ff46b832-9ad9-4434-af03-d94e6f7f2eb1-libsqlitejdbc.so
Event: 5.319 Attempting to load shared library /usr/local/sdkman/candidates/java/25.0.4+1-ms/lib/libextnet.so
Event: 5.319 Loaded shared library /usr/local/sdkman/candidates/java/25.0.4+1-ms/lib/libextnet.so
Event: 6.466 Attempting to load shared library /usr/local/sdkman/candidates/java/25.0.4+1-ms/lib/libfontmanager.so
Event: 6.792 Loaded shared library /usr/local/sdkman/candidates/java/25.0.4+1-ms/lib/libfontmanager.so
Event: 7.148 Attempting to load shared library /usr/local/sdkman/candidates/java/25.0.4+1-ms/lib/libmlib_image.so
Event: 7.149 Loaded shared library /usr/local/sdkman/candidates/java/25.0.4+1-ms/lib/libmlib_image.so
Event: 9.598 Attempting to load shared library /tmp/sqlite-3.50.3.0-04d67507-bc8d-445b-bea9-97575f796e14-libsqlitejdbc.so
Event: 9.599 Loaded shared library /tmp/sqlite-3.50.3.0-04d67507-bc8d-445b-bea9-97575f796e14-libsqlitejdbc.so

Deoptimization events (20 events):
Event: 14.118 Thread 0x000072a18c01d680 Uncommon trap: trap_request=0xffffff45 fr.pc=0x000072a1e018f448 relative=0x0000000000000048
Event: 14.118 Thread 0x000072a18c01d680 Uncommon trap: reason=unstable_if action=reinterpret pc=0x000072a1e018f448 method=io.netty.util.internal.RefCnt$VarHandleRefCnt.isLiveNonVolatile(Lio/netty/util/internal/RefCnt;)Z @ 10 c2
Event: 14.118 Thread 0x000072a18c01d680 DEOPT PACKING pc=0x000072a1e018f448 sp=0x000072a1533f9990
Event: 14.118 Thread 0x000072a18c01d680 DEOPT UNPACKING pc=0x000072a1dfb40ef9 sp=0x000072a1533f98e0 mode 2
Event: 14.606 Thread 0x000072a164008810 DEOPT PACKING pc=0x000072a1d8c6251c sp=0x000072a1c4dfa360
Event: 14.606 Thread 0x000072a164008810 DEOPT UNPACKING pc=0x000072a1dfa70fef sp=0x000072a1c4df9908 mode 0
Event: 14.731 Thread 0x000072a18c01d680 Uncommon trap: trap_request=0xffffff45 fr.pc=0x000072a1e0004b38 relative=0x0000000000000238
Event: 14.731 Thread 0x000072a18c01d680 Uncommon trap: reason=unstable_if action=reinterpret pc=0x000072a1e0004b38 method=io.netty.buffer.AbstractByteBuf.writeBoolean(Z)Lio/netty/buffer/ByteBuf; @ 2 c2
Event: 14.731 Thread 0x000072a18c01d680 DEOPT PACKING pc=0x000072a1e0004b38 sp=0x000072a1533f9040
Event: 14.731 Thread 0x000072a18c01d680 DEOPT UNPACKING pc=0x000072a1dfb40ef9 sp=0x000072a1533f9018 mode 2
Event: 15.340 Thread 0x000072a1f0a91440 DEOPT PACKING pc=0x000072a1d8ee5e5d sp=0x000072a1534fb890
Event: 15.340 Thread 0x000072a1f0a91440 DEOPT UNPACKING pc=0x000072a1dfa70fef sp=0x000072a1534fad88 mode 0
Event: 16.085 Thread 0x000072a18001ee00 Uncommon trap: trap_request=0xffffffc6 fr.pc=0x000072a1e021a6ac relative=0x000000000000062c
Event: 16.085 Thread 0x000072a18001ee00 Uncommon trap: reason=bimorphic_or_optimized_type_check action=maybe_recompile pc=0x000072a1e021a6ac method=java.util.HashMap.removeNode(ILjava/lang/Object;Ljava/lang/Object;ZZ)Ljava/util/HashMap$Node; @ 283 c2
Event: 16.085 Thread 0x000072a18001ee00 DEOPT PACKING pc=0x000072a1e021a6ac sp=0x000072a1c48f5780
Event: 16.085 Thread 0x000072a18001ee00 DEOPT UNPACKING pc=0x000072a1dfb40ef9 sp=0x000072a1c48f5698 mode 2
Event: 21.085 Thread 0x000072a18001ee00 Uncommon trap: trap_request=0xffffffc6 fr.pc=0x000072a1e021a6ac relative=0x000000000000062c
Event: 21.085 Thread 0x000072a18001ee00 Uncommon trap: reason=bimorphic_or_optimized_type_check action=maybe_recompile pc=0x000072a1e021a6ac method=java.util.HashMap.removeNode(ILjava/lang/Object;Ljava/lang/Object;ZZ)Ljava/util/HashMap$Node; @ 283 c2
Event: 21.086 Thread 0x000072a18001ee00 DEOPT PACKING pc=0x000072a1e021a6ac sp=0x000072a1c48f5780
Event: 21.086 Thread 0x000072a18001ee00 DEOPT UNPACKING pc=0x000072a1dfb40ef9 sp=0x000072a1c48f5698 mode 2

Classes loaded (20 events):
Event: 13.487 Loading class sun/util/locale/provider/BreakIteratorProviderImpl$GraphemeBreakIterator
Event: 13.488 Loading class sun/util/locale/provider/BreakIteratorProviderImpl$GraphemeBreakIterator done
Event: 13.488 Loading class java/text/StringCharacterIterator
Event: 13.488 Loading class java/text/StringCharacterIterator done
Event: 13.488 Loading class sun/util/locale/provider/BreakIteratorProviderImpl$CharacterIteratorCharSequence
Event: 13.488 Loading class sun/util/locale/provider/BreakIteratorProviderImpl$CharacterIteratorCharSequence done
Event: 13.488 Loading class java/text/BreakIterator$BreakIteratorCache
Event: 13.488 Loading class java/text/BreakIterator$BreakIteratorCache done
Event: 13.494 Loading class jdk/internal/util/regex/Grapheme
Event: 13.494 Loading class jdk/internal/util/regex/Grapheme done
Event: 13.494 Loading class jdk/internal/util/regex/IndicConjunctBreak
Event: 13.495 Loading class jdk/internal/util/regex/IndicConjunctBreak done
Event: 14.121 Loading class com/sun/crypto/provider/RSACipher
Event: 14.121 Loading class com/sun/crypto/provider/RSACipher done
Event: 14.121 Loading class sun/security/rsa/RSAPrivateKeyImpl
Event: 14.121 Loading class sun/security/rsa/RSAPrivateKeyImpl done
Event: 14.121 Loading class sun/security/rsa/RSACore
Event: 14.122 Loading class sun/security/rsa/RSACore done
Event: 14.122 Loading class sun/security/rsa/RSAPadding
Event: 14.122 Loading class sun/security/rsa/RSAPadding done

Classes unloaded (2 events):
Event: 8.589 Thread 0x000072a1f0108890 Unloading class 0x000000004e888400 'java/lang/invoke/LambdaForm$DMH+0x000000004e888400'
Event: 8.589 Thread 0x000072a1f0108890 Unloading class 0x000000004e883c00 'java/lang/invoke/LambdaForm$DMH+0x000000004e883c00'

Classes redefined (0 events):
No events

Internal exceptions (20 events):
Event: 12.766 Thread 0x000072a1712f5670 Exception <a 'java/lang/NoSuchMethodError'{0x000000070e308b58}: 'java.lang.Object java.lang.invoke.DirectMethodHandle$Holder.newInvokeSpecial(java.lang.Object, java.lang.Object, java.lang.Object, java.lang.Object, java.lang.Object, java.lang.Object, java.lang.Object, java.lang.Object, java.lang.Object)'> (0x000000070e308b58) 
thrown [src/hotspot/share/interpreter/linkResolver.cpp, line 803]
Event: 12.769 Thread 0x000072a1712fca70 Exception <a 'java/lang/NoSuchMethodError'{0x000000070e09e6f0}: 'java.lang.Object java.lang.invoke.DirectMethodHandle$Holder.invokeVirtual(java.lang.Object, java.lang.Object, int)'> (0x000000070e09e6f0) 
thrown [src/hotspot/share/interpreter/linkResolver.cpp, line 803]
Event: 12.945 Thread 0x000072a171301d70 Exception <a 'java/lang/IncompatibleClassChangeError'{0x00000007135dc1e0}: Found class java.lang.Object, but interface was expected> (0x00000007135dc1e0) 
thrown [src/hotspot/share/interpreter/linkResolver.cpp, line 871]
Event: 12.970 Thread 0x000072a1f0fa4bc0 Exception <a 'java/lang/NoSuchMethodError'{0x0000000712eda3f8}: 'java.lang.Object java.lang.invoke.DirectMethodHandle$Holder.invokeVirtual(java.lang.Object, java.lang.Object, java.lang.Object, java.lang.Object)'> (0x0000000712eda3f8) 
thrown [src/hotspot/share/interpreter/linkResolver.cpp, line 803]
Event: 13.156 Thread 0x000072a1712f5670 Exception <a 'java/lang/NoSuchMethodError'{0x000000071101ef70}: 'java.lang.Object java.lang.invoke.DirectMethodHandle$Holder.invokeStatic(java.lang.Object, int, int)'> (0x000000071101ef70) 
thrown [src/hotspot/share/interpreter/linkResolver.cpp, line 803]
Event: 13.156 Thread 0x000072a1f0fa4bc0 Exception <a 'java/lang/NoSuchMethodError'{0x0000000711341818}: 'java.lang.Object java.lang.invoke.DirectMethodHandle$Holder.invokeStatic(java.lang.Object, int, int)'> (0x0000000711341818) 
thrown [src/hotspot/share/interpreter/linkResolver.cpp, line 803]
Event: 13.156 Thread 0x000072a1f0fa4bc0 Exception <a 'java/lang/NoSuchMethodError'{0x0000000711349888}: 'java.lang.Object java.lang.invoke.DirectMethodHandle$Holder.invokeStaticInit(java.lang.Object, int, int)'> (0x0000000711349888) 
thrown [src/hotspot/share/interpreter/linkResolver.cpp, line 803]
Event: 13.156 Thread 0x000072a1712f5670 Exception <a 'java/lang/NoSuchMethodError'{0x0000000711026d58}: 'java.lang.Object java.lang.invoke.DirectMethodHandle$Holder.invokeStaticInit(java.lang.Object, int, int)'> (0x0000000711026d58) 
thrown [src/hotspot/share/interpreter/linkResolver.cpp, line 803]
Event: 13.215 Thread 0x000072a1712ef340 Exception <a 'java/lang/NoSuchMethodError'{0x0000000710553580}: 'java.lang.Object java.lang.invoke.DirectMethodHandle$Holder.newInvokeSpecial(java.lang.Object, java.lang.Object, java.lang.Object, java.lang.Object, java.lang.Object, java.lang.Object, java.lang.Object, java.lang.Object)'> (0x0000000710553580) 
thrown [src/hotspot/share/interpreter/linkResolver.cpp, line 803]
Event: 13.235 Thread 0x000072a171301d70 Exception <a 'java/lang/IncompatibleClassChangeError'{0x00000007101afce0}: Found class java.lang.Object, but interface was expected> (0x00000007101afce0) 
thrown [src/hotspot/share/interpreter/linkResolver.cpp, line 871]
Event: 13.244 Thread 0x000072a1712fca70 Exception <a 'java/lang/NoSuchMethodError'{0x000000070fcc3cd0}: 'int java.lang.invoke.DirectMethodHandle$Holder.invokeStaticInit(java.lang.Object, int)'> (0x000000070fcc3cd0) 
thrown [src/hotspot/share/interpreter/linkResolver.cpp, line 803]
Event: 13.263 Thread 0x000072a1712f5670 Exception <a 'java/lang/IncompatibleClassChangeError'{0x000000070f617fe8}: Found class java.lang.Object, but interface was expected> (0x000000070f617fe8) 
thrown [src/hotspot/share/interpreter/linkResolver.cpp, line 871]
Event: 13.307 Thread 0x000072a171301d70 Exception <a 'java/lang/NoSuchMethodError'{0x000000070e83ac68}: 'java.lang.Object java.lang.invoke.DirectMethodHandle$Holder.newInvokeSpecial(java.lang.Object, java.lang.Object, float)'> (0x000000070e83ac68) 
thrown [src/hotspot/share/interpreter/linkResolver.cpp, line 803]
Event: 13.333 Thread 0x000072a1f0fa4bc0 Exception <a 'java/lang/IncompatibleClassChangeError'{0x000000070e12c448}: Found class java.lang.Object, but interface was expected> (0x000000070e12c448) 
thrown [src/hotspot/share/interpreter/linkResolver.cpp, line 871]
Event: 13.346 Thread 0x000072a1f002a020 Exception <a 'java/lang/NoSuchMethodError'{0x000000070dc85b40}: 'void java.lang.invoke.Invokers$Holder.invokeExact_MT(java.lang.Object, java.lang.Object, java.lang.Object, java.lang.Object, java.lang.Object)'> (0x000000070dc85b40) 
thrown [src/hotspot/share/interpreter/linkResolver.cpp, line 803]
Event: 13.362 Thread 0x000072a158142ee0 Implicit null exception at 0x000072a1e01a2f2e to 0x000072a1e01a2f68
Event: 13.379 Thread 0x000072a1f002a020 Exception <a 'java/lang/NoSuchMethodError'{0x000000070dad4148}: 'long java.lang.invoke.DirectMethodHandle$Holder.invokeStaticInit(java.lang.Object, long, long)'> (0x000000070dad4148) 
thrown [src/hotspot/share/interpreter/linkResolver.cpp, line 803]
Event: 13.477 Thread 0x000072a1f002a020 Exception <a 'java/lang/NoSuchMethodError'{0x0000000713728f68}: 'int java.lang.invoke.DirectMethodHandle$Holder.invokeSpecial(java.lang.Object, java.lang.Object, int, long, java.lang.Object)'> (0x0000000713728f68) 
thrown [src/hotspot/share/interpreter/linkResolver.cpp, line 803]
Event: 13.499 Thread 0x000072a1f002a020 Exception <a 'java/lang/NoSuchMethodError'{0x00000007137c2508}: 'void java.lang.invoke.DelegatingMethodHandle$Holder.reinvoke_L(java.lang.Object, java.lang.Object, java.lang.Object, long, long)'> (0x00000007137c2508) 
thrown [src/hotspot/share/interpreter/linkResolver.cpp, line 803]
Event: 28.416 Thread 0x0000642231a75a60 Exception <a 'java/lang/NoSuchMethodError'{0x0000000713051e80}: 'void java.lang.invoke.Invokers$Holder.invokeExact_MT(java.lang.Object, int, java.lang.Object)'> (0x0000000713051e80) 
thrown [src/hotspot/share/interpreter/linkResolver.cpp, line 803]

VM Operations (20 events):
Event: 12.839 Executing non-safepoint VM operation: HandshakeAllThreads (Deoptimize)
Event: 12.840 Executing non-safepoint VM operation: HandshakeAllThreads (Deoptimize) done
Event: 12.880 Executing safepoint VM operation: G1CollectForAllocation (G1 Evacuation Pause)
Event: 12.899 Executing safepoint VM operation: G1CollectForAllocation (G1 Evacuation Pause) done
Event: 13.050 Executing safepoint VM operation: G1PauseRemark
Event: 13.057 Executing safepoint VM operation: G1PauseRemark done
Event: 13.083 Executing non-safepoint VM operation: HandshakeAllThreads (Deoptimize)
Event: 13.087 Executing non-safepoint VM operation: HandshakeAllThreads (Deoptimize) done
Event: 13.113 Executing safepoint VM operation: G1PauseCleanup
Event: 13.113 Executing safepoint VM operation: G1PauseCleanup done
Event: 13.387 Executing safepoint VM operation: G1CollectForAllocation (G1 Evacuation Pause)
Event: 13.452 Executing safepoint VM operation: G1CollectForAllocation (G1 Evacuation Pause) done
Event: 13.476 Executing non-safepoint VM operation: HandshakeAllThreads (Deoptimize)
Event: 13.478 Executing non-safepoint VM operation: HandshakeAllThreads (Deoptimize) done
Event: 13.498 Executing non-safepoint VM operation: HandshakeAllThreads (CloseScopedMemory)
Event: 13.498 Executing non-safepoint VM operation: HandshakeAllThreads (CloseScopedMemory) done
Event: 13.501 Executing non-safepoint VM operation: HandshakeAllThreads (CloseScopedMemory)
Event: 13.501 Executing non-safepoint VM operation: HandshakeAllThreads (CloseScopedMemory) done
Event: 13.501 Executing non-safepoint VM operation: HandshakeAllThreads (CloseScopedMemory)
Event: 13.501 Executing non-safepoint VM operation: HandshakeAllThreads (CloseScopedMemory) done

Memory protections (20 events):
Event: 7.969 Protecting memory [0x000072a153cfe000,0x000072a153d02000] with protection modes 0
Event: 8.013 Protecting memory [0x000072a153bfd000,0x000072a153c01000] with protection modes 0
Event: 8.403 Protecting memory [0x000072a153bfd000,0x000072a153c01000] with protection modes 0
Event: 8.904 Protecting memory [0x000072a153cfe000,0x000072a153d02000] with protection modes 0
Event: 12.577 Protecting memory [0x000072a1c438d000,0x000072a1c4391000] with protection modes 0
Event: 12.723 Protecting memory [0x000072a1c418b000,0x000072a1c418f000] with protection modes 0
Event: 12.727 Protecting memory [0x000072a1c428c000,0x000072a1c4290000] with protection modes 0
Event: 12.739 Protecting memory [0x000072a1c408a000,0x000072a1c408e000] with protection modes 0
Event: 12.749 Protecting memory [0x000072a153bfd000,0x000072a153c01000] with protection modes 0
Event: 13.334 Protecting memory [0x000072a153700000,0x000072a153704000] with protection modes 0
Event: 13.339 Protecting memory [0x000072a1534fe000,0x000072a153502000] with protection modes 0
Event: 13.340 Protecting memory [0x000072a1535ff000,0x000072a153603000] with protection modes 0
Event: 13.342 Protecting memory [0x000072a1c428c000,0x000072a1c4290000] with protection modes 0
Event: 13.345 Protecting memory [0x000072a1c408a000,0x000072a1c408e000] with protection modes 0
Event: 13.354 Protecting memory [0x000072a153bfd000,0x000072a153c01000] with protection modes 0
Event: 13.361 Protecting memory [0x000072a1c418b000,0x000072a1c418f000] with protection modes 0
Event: 13.386 Protecting memory [0x000072a1533fd000,0x000072a153401000] with protection modes 0
Event: 13.501 Protecting memory [0x000072a1533fd000,0x000072a153401000] with protection modes 0
Event: 13.525 Protecting memory [0x000072a1532fc000,0x000072a153300000] with protection modes 0
Event: 28.416 Protecting memory [0x00007ffead168000,0x00007ffead16c000] with protection modes 0

Nmethod flushes (20 events):
Event: 13.056 Thread 0x000072a1f0108890 flushing  nmethod 0x000072a1d8c27b08
Event: 13.056 Thread 0x000072a1f0108890 flushing  nmethod 0x000072a1d8c2ae08
Event: 13.056 Thread 0x000072a1f0108890 flushing  nmethod 0x000072a1d8c2b288
Event: 13.056 Thread 0x000072a1f0108890 flushing  nmethod 0x000072a1d8c2b588
Event: 13.056 Thread 0x000072a1f0108890 flushing  nmethod 0x000072a1d8c4a188
Event: 13.056 Thread 0x000072a1f0108890 flushing  nmethod 0x000072a1d8c5b988
Event: 13.056 Thread 0x000072a1f0108890 flushing  nmethod 0x000072a1d8c5e488
Event: 13.056 Thread 0x000072a1f0108890 flushing  nmethod 0x000072a1d8c5ea08
Event: 13.056 Thread 0x000072a1f0108890 flushing  nmethod 0x000072a1d8c7b108
Event: 13.056 Thread 0x000072a1f0108890 flushing  nmethod 0x000072a1d8c7c708
Event: 13.056 Thread 0x000072a1f0108890 flushing  nmethod 0x000072a1d8c93008
Event: 13.056 Thread 0x000072a1f0108890 flushing  nmethod 0x000072a1d8c93608
Event: 13.056 Thread 0x000072a1f0108890 flushing  nmethod 0x000072a1d8c94988
Event: 13.056 Thread 0x000072a1f0108890 flushing  nmethod 0x000072a1d8c96c08
Event: 13.056 Thread 0x000072a1f0108890 flushing  nmethod 0x000072a1d8cb3908
Event: 13.056 Thread 0x000072a1f0108890 flushing  nmethod 0x000072a1d8cb4f88
Event: 13.056 Thread 0x000072a1f0108890 flushing  nmethod 0x000072a1d8cb5508
Event: 13.056 Thread 0x000072a1f0108890 flushing  nmethod 0x000072a1d8cb6608
Event: 13.056 Thread 0x000072a1f0108890 flushing  nmethod 0x000072a1d8cb8c88
Event: 13.056 Thread 0x000072a1f0108890 flushing  nmethod 0x000072a1d8d42e08

Events (20 events):
Event: 12.727 Thread 0x000072a1f0fa4bc0 Thread added: 0x000072a1712f5670
Event: 12.739 Thread 0x000072a1f0fa4bc0 Thread added: 0x000072a1712fca70
Event: 12.747 Thread 0x000072a1f0fa4bc0 Thread added: 0x000072a171301d70
Event: 13.334 Thread 0x000072a17000f5b0 Thread added: 0x000072a16400f290
Event: 13.339 Thread 0x000072a17000f5b0 Thread added: 0x000072a164010660
Event: 13.339 Thread 0x000072a17000f5b0 Thread added: 0x000072a164011c40
Event: 13.341 Thread 0x000072a1712ef340 Thread exited: 0x000072a1712ef340
Event: 13.341 Thread 0x000072a171301d70 Thread exited: 0x000072a171301d70
Event: 13.341 Thread 0x000072a1712f5670 Thread exited: 0x000072a1712f5670
Event: 13.342 Thread 0x000072a164010660 Thread added: 0x000072a15813f7f0
Event: 13.343 Thread 0x000072a1712fca70 Thread exited: 0x000072a1712fca70
Event: 13.345 Thread 0x000072a164010660 Thread added: 0x000072a158142ee0
Event: 13.353 Thread 0x000072a1f002a020 Thread added: 0x000072a1f0b17b40
Event: 13.361 Thread 0x000072a1f002a020 Thread added: 0x000072a1f0b183f0
Event: 13.386 Thread 0x000072a16400f290 Thread added: 0x0000642231a75a60
Event: 13.456 Thread 0x0000642231a75a60 Thread exited: 0x0000642231a75a60
Event: 13.500 Thread 0x000072a1f002a020 Thread added: 0x000072a1f0a91440
Event: 13.525 Thread 0x000072a164009e60 Thread added: 0x000072a18c01d680
Event: 26.087 Thread 0x000072a18001ee00 Thread exited: 0x000072a18001ee00
Event: 28.416 Thread 0x0000642231a75a60 Thread added: 0x0000642231a75a60


Dynamic libraries:
4d000000-4d001000 ---p 00000000 00:00 0 
4d001000-4d4ab000 rw-p 00001000 00:2d 1225620                            /usr/local/sdkman/candidates/java/25.0.4+1-ms/lib/server/classes.jsa
4d4ab000-4dd8d000 rw-p 004ab000 00:2d 1225620                            /usr/local/sdkman/candidates/java/25.0.4+1-ms/lib/server/classes.jsa
4dd8d000-4e000000 ---p 00000000 00:00 0 
4e000000-4e030000 rw-p 00000000 00:00 0 
4e030000-4e0f0000 rw-p 00000000 00:00 0 
4e0f0000-4e130000 rw-p 00000000 00:00 0 
4e130000-4e170000 rw-p 00000000 00:00 0 
4e170000-4e2b0000 rw-p 00000000 00:00 0 
4e2b0000-4e2f0000 rw-p 00000000 00:00 0 
4e2f0000-4e4b0000 rw-p 00000000 00:00 0 
4e4b0000-4e4f0000 rw-p 00000000 00:00 0 
4e4f0000-4e5f0000 rw-p 00000000 00:00 0 
4e5f0000-4e830000 rw-p 00000000 00:00 0 
4e830000-4e8b0000 rw-p 00000000 00:00 0 
4e8b0000-4e8e0000 rw-p 00000000 00:00 0 
4e8e0000-4e900000 ---p 00000000 00:00 0 
4e900000-4ee40000 rw-p 00000000 00:00 0 
4ee40000-8e000000 ---p 00000000 00:00 0 
706000000-713e00000 rw-p 00000000 00:00 0 
713e00000-7fea00000 ---p 00000000 00:00 0 
7fea00000-7ffe00000 rw-p 00000000 00:00 0 
7ffe00000-7fff22000 rw-p 00dc0000 00:2d 1225620                          /usr/local/sdkman/candidates/java/25.0.4+1-ms/lib/server/classes.jsa
7fff22000-800000000 rw-p 00000000 00:00 0 
64220c9eb000-64220c9ec000 r-xp 00000000 00:2d 1225112                    /usr/local/sdkman/candidates/java/25.0.4+1-ms/bin/java
64220c9ed000-64220c9ee000 r--p 00001000 00:2d 1225112                    /usr/local/sdkman/candidates/java/25.0.4+1-ms/bin/java
64220c9ee000-64220c9ef000 rw-p 00002000 00:2d 1225112                    /usr/local/sdkman/candidates/java/25.0.4+1-ms/bin/java
642231a6b000-642231ab4000 rw-p 00000000 00:00 0                          [heap]
72a14f000000-72a1504d0000 rw-p 00000000 00:00 0 
72a1504d0000-72a153000000 ---p 00000000 00:00 0 
72a1532fb000-72a1532fc000 ---p 00000000 00:00 0 
72a1532fc000-72a153300000 ---p 00000000 00:00 0 
72a153300000-72a1533fc000 rw-p 00000000 00:00 0 
72a1533fc000-72a1533fd000 ---p 00000000 00:00 0 
72a1533fd000-72a153401000 ---p 00000000 00:00 0 
72a153401000-72a1534fd000 rw-p 00000000 00:00 0 
72a1534fd000-72a1534fe000 ---p 00000000 00:00 0 
72a1534fe000-72a153502000 ---p 00000000 00:00 0 
72a153502000-72a1535fe000 rw-p 00000000 00:00 0 
72a1535fe000-72a1535ff000 ---p 00000000 00:00 0 
72a1535ff000-72a153603000 ---p 00000000 00:00 0 
72a153603000-72a1536ff000 rw-p 00000000 00:00 0 
72a1536ff000-72a153700000 ---p 00000000 00:00 0 
72a153700000-72a153704000 ---p 00000000 00:00 0 
72a153704000-72a153800000 rw-p 00000000 00:00 0 
72a153800000-72a1538fe000 r-xp 00000000 08:11 3670050                    /tmp/sqlite-3.50.3.0-04d67507-bc8d-445b-bea9-97575f796e14-libsqlitejdbc.so
72a1538fe000-72a153afe000 ---p 000fe000 08:11 3670050                    /tmp/sqlite-3.50.3.0-04d67507-bc8d-445b-bea9-97575f796e14-libsqlitejdbc.so
72a153afe000-72a153b06000 rw-p 000fe000 08:11 3670050                    /tmp/sqlite-3.50.3.0-04d67507-bc8d-445b-bea9-97575f796e14-libsqlitejdbc.so
72a153bfc000-72a153bfd000 ---p 00000000 00:00 0 
72a153bfd000-72a153c01000 ---p 00000000 00:00 0 
72a153c01000-72a153cfd000 rw-p 00000000 00:00 0 
72a153cfd000-72a153cfe000 ---p 00000000 00:00 0 
72a153cfe000-72a153d02000 ---p 00000000 00:00 0 
72a153d02000-72a153dfe000 rw-p 00000000 00:00 0 
72a153dfe000-72a153dff000 ---p 00000000 00:00 0 
72a153dff000-72a153e03000 ---p 00000000 00:00 0 
72a153e03000-72a153eff000 rw-p 00000000 00:00 0 
72a153eff000-72a153f00000 ---p 00000000 00:00 0 
72a153f00000-72a153f04000 ---p 00000000 00:00 0 
72a153f04000-72a154000000 rw-p 00000000 00:00 0 
72a154000000-72a154021000 rw-p 00000000 00:00 0 
72a154021000-72a158000000 ---p 00000000 00:00 0 
72a158000000-72a15819d000 rw-p 00000000 00:00 0 
72a15819d000-72a15c000000 ---p 00000000 00:00 0 
72a15c000000-72a15c0ae000 rw-p 00000000 00:00 0 
72a15c0ae000-72a160000000 ---p 00000000 00:00 0 
72a160000000-72a160021000 rw-p 00000000 00:00 0 
72a160021000-72a164000000 ---p 00000000 00:00 0 
72a164000000-72a164021000 rw-p 00000000 00:00 0 
72a164021000-72a168000000 ---p 00000000 00:00 0 
72a168000000-72a168021000 rw-p 00000000 00:00 0 
72a168021000-72a16c000000 ---p 00000000 00:00 0 
72a16c000000-72a16c043000 rw-p 00000000 00:00 0 
72a16c043000-72a170000000 ---p 00000000 00:00 0 
72a170000000-72a171452000 rw-p 00000000 00:00 0 
72a171452000-72a174000000 ---p 00000000 00:00 0 
72a174000000-72a174301000 rw-p 00000000 00:00 0 
72a174301000-72a178000000 ---p 00000000 00:00 0 
72a178000000-72a17806a000 rw-p 00000000 00:00 0 
72a17806a000-72a17c000000 ---p 00000000 00:00 0 
72a17c000000-72a17c021000 rw-p 00000000 00:00 0 
72a17c021000-72a180000000 ---p 00000000 00:00 0 
72a180000000-72a18002a000 rw-p 00000000 00:00 0 
72a18002a000-72a184000000 ---p 00000000 00:00 0 
72a184000000-72a184021000 rw-p 00000000 00:00 0 
72a184021000-72a188000000 ---p 00000000 00:00 0 
72a188000000-72a188021000 rw-p 00000000 00:00 0 
72a188021000-72a18c000000 ---p 00000000 00:00 0 
72a18c000000-72a18c04e000 rw-p 00000000 00:00 0 
72a18c04e000-72a190000000 ---p 00000000 00:00 0 
72a190000000-72a190021000 rw-p 00000000 00:00 0 
72a190021000-72a194000000 ---p 00000000 00:00 0 
72a194000000-72a19638e000 rw-p 00000000 00:00 0 
72a19638e000-72a198000000 ---p 00000000 00:00 0 
72a198000000-72a1997a0000 rw-p 00000000 00:00 0 
72a1997a0000-72a19c000000 ---p 00000000 00:00 0 
72a19c000000-72a19c4f3000 rw-p 00000000 00:00 0 
72a19c4f3000-72a1a0000000 ---p 00000000 00:00 0 
72a1a0000000-72a1a0392000 rw-p 00000000 00:00 0 
72a1a0392000-72a1a4000000 ---p 00000000 00:00 0 
72a1a4000000-72a1a4021000 rw-p 00000000 00:00 0 
72a1a4021000-72a1a8000000 ---p 00000000 00:00 0 
72a1a8000000-72a1a8021000 rw-p 00000000 00:00 0 
72a1a8021000-72a1ac000000 ---p 00000000 00:00 0 
72a1ac000000-72a1ac3f0000 rw-p 00000000 00:00 0 
72a1ac3f0000-72a1ac770000 rw-p 00000000 00:00 0 
72a1ac770000-72a1ac8f0000 rw-p 00000000 00:00 0 
72a1ac8f0000-72a1acaf0000 rw-p 00000000 00:00 0 
72a1acaf0000-72a1acbf0000 rw-p 00000000 00:00 0 
72a1acbf0000-72a1ad170000 rw-p 00000000 00:00 0 
72a1ad170000-72a1ad1f0000 rw-p 00000000 00:00 0 
72a1ad1f0000-72a1ad370000 rw-p 00000000 00:00 0 
72a1ad370000-72a1ad3f0000 rw-p 00000000 00:00 0 
72a1ad3f0000-72a1ad6f0000 rw-p 00000000 00:00 0 
72a1ad6f0000-72a1ad7f0000 rw-p 00000000 00:00 0 
72a1ad7f0000-72a1adb70000 rw-p 00000000 00:00 0 
72a1adb70000-72a1adbf0000 rw-p 00000000 00:00 0 
72a1adbf0000-72a1ae070000 rw-p 00000000 00:00 0 
72a1ae070000-72a1ae0f0000 rw-p 00000000 00:00 0 
72a1ae0f0000-72a1ae2f0000 rw-p 00000000 00:00 0 
72a1ae2f0000-72a1ae3f0000 rw-p 00000000 00:00 0 
72a1ae3f0000-72a1aed70000 rw-p 00000000 00:00 0 
72a1aed70000-72a1aef70000 rw-p 00000000 00:00 0 
72a1aef70000-72a1aeff0000 rw-p 00000000 00:00 0 
72a1aeff0000-72a1af0f0000 rw-p 00000000 00:00 0 
72a1af0f0000-72a1af2f0000 rw-p 00000000 00:00 0 
72a1af2f0000-72a1af4f0000 rw-p 00000000 00:00 0 
72a1af4f0000-72a1af6b0000 rw-p 00000000 00:00 0 
72a1af6b0000-72a1af6f0000 rw-p 00000000 00:00 0 
72a1af6f0000-72a1afaf0000 rw-p 00000000 00:00 0 
72a1afaf0000-72a1afbd0000 rw-p 00000000 00:00 0 
72a1afbd0000-72a1afc00000 ---p 00000000 00:00 0 
72a1afc00000-72a1afff0000 rw-p 00000000 00:00 0 
72a1afff0000-72a1b0021000 rw-p 00000000 00:00 0 
72a1b0021000-72a1b4000000 ---p 00000000 00:00 0 
72a1b4000000-72a1b4021000 rw-p 00000000 00:00 0 
72a1b4021000-72a1b8000000 ---p 00000000 00:00 0 
72a1b8000000-72a1b804b000 rw-p 00000000 00:00 0 
72a1b804b000-72a1bc000000 ---p 00000000 00:00 0 
72a1bc000000-72a1bc021000 rw-p 00000000 00:00 0 
72a1bc021000-72a1c0000000 ---p 00000000 00:00 0 
72a1c0000000-72a1c0021000 rw-p 00000000 00:00 0 
72a1c0021000-72a1c4000000 ---p 00000000 00:00 0 
72a1c4089000-72a1c408a000 ---p 00000000 00:00 0 
72a1c408a000-72a1c408e000 ---p 00000000 00:00 0 
72a1c408e000-72a1c418a000 rw-p 00000000 00:00 0 
72a1c418a000-72a1c418b000 ---p 00000000 00:00 0 
72a1c418b000-72a1c418f000 ---p 00000000 00:00 0 
72a1c418f000-72a1c428b000 rw-p 00000000 00:00 0 
72a1c428b000-72a1c428c000 ---p 00000000 00:00 0 
72a1c428c000-72a1c4290000 ---p 00000000 00:00 0 
72a1c4290000-72a1c438c000 rw-p 00000000 00:00 0 
72a1c438c000-72a1c438d000 ---p 00000000 00:00 0 
72a1c438d000-72a1c4391000 ---p 00000000 00:00 0 
72a1c4391000-72a1c448d000 rw-p 00000000 00:00 0 
72a1c448d000-72a1c451e000 r-xp 00000000 00:2d 1225600                    /usr/local/sdkman/candidates/java/25.0.4+1-ms/lib/libmlib_image.so
72a1c451e000-72a1c451f000 r--p 00090000 00:2d 1225600                    /usr/local/sdkman/candidates/java/25.0.4+1-ms/lib/libmlib_image.so
72a1c451f000-72a1c4520000 rw-p 00091000 00:2d 1225600                    /usr/local/sdkman/candidates/java/25.0.4+1-ms/lib/libmlib_image.so
72a1c4520000-72a1c4521000 ---p 00000000 00:00 0 
72a1c4521000-72a1c4525000 ---p 00000000 00:00 0 
72a1c4525000-72a1c4621000 rw-p 00000000 00:00 0 
72a1c4621000-72a1c4622000 r--p 00000000 00:2d 935905                     /usr/lib/x86_64-linux-gnu/libbrotlicommon.so.1.1.0
72a1c4622000-72a1c4623000 r-xp 00001000 00:2d 935905                     /usr/lib/x86_64-linux-gnu/libbrotlicommon.so.1.1.0
72a1c4623000-72a1c4642000 r--p 00002000 00:2d 935905                     /usr/lib/x86_64-linux-gnu/libbrotlicommon.so.1.1.0
72a1c4642000-72a1c4643000 r--p 00021000 00:2d 935905                     /usr/lib/x86_64-linux-gnu/libbrotlicommon.so.1.1.0
72a1c4643000-72a1c4644000 rw-p 00022000 00:2d 935905                     /usr/lib/x86_64-linux-gnu/libbrotlicommon.so.1.1.0
72a1c4644000-72a1c47f2000 r-xp 00000000 00:2d 1225581                    /usr/local/sdkman/candidates/java/25.0.4+1-ms/lib/libfontmanager.so
72a1c47f2000-72a1c47f4000 r--p 001ad000 00:2d 1225581                    /usr/local/sdkman/candidates/java/25.0.4+1-ms/lib/libfontmanager.so
72a1c47f4000-72a1c47f5000 rw-p 001af000 00:2d 1225581                    /usr/local/sdkman/candidates/java/25.0.4+1-ms/lib/libfontmanager.so
72a1c47f5000-72a1c47f6000 rw-p 00000000 00:00 0 
72a1c47f6000-72a1c47f7000 ---p 00000000 00:00 0 
72a1c47f7000-72a1c47fb000 ---p 00000000 00:00 0 
72a1c47fb000-72a1c48f7000 rw-p 00000000 00:00 0 
72a1c48f7000-72a1c48f8000 ---p 00000000 00:00 0 
72a1c48f8000-72a1c48fc000 ---p 00000000 00:00 0 
72a1c48fc000-72a1c49f8000 rw-p 00000000 00:00 0 
72a1c49f8000-72a1c49f9000 ---p 00000000 00:00 0 
72a1c49f9000-72a1c49fd000 ---p 00000000 00:00 0 
72a1c49fd000-72a1c4af9000 rw-p 00000000 00:00 0 
72a1c4af9000-72a1c4afa000 ---p 00000000 00:00 0 
72a1c4afa000-72a1c4afe000 ---p 00000000 00:00 0 
72a1c4afe000-72a1c4bfa000 rw-p 00000000 00:00 0 
72a1c4bfa000-72a1c4bfb000 ---p 00000000 00:00 0 
72a1c4bfb000-72a1c4bff000 ---p 00000000 00:00 0 
72a1c4bff000-72a1c4cfb000 rw-p 00000000 00:00 0 
72a1c4cfb000-72a1c4cfc000 ---p 00000000 00:00 0 
72a1c4cfc000-72a1c4d00000 ---p 00000000 00:00 0 
72a1c4d00000-72a1c4dfc000 rw-p 00000000 00:00 0 
72a1c4dfc000-72a1c4dfd000 ---p 00000000 00:00 0 
72a1c4dfd000-72a1c4e01000 ---p 00000000 00:00 0 
72a1c4e01000-72a1c4efd000 rw-p 00000000 00:00 0 
72a1c4efd000-72a1c4efe000 ---p 00000000 00:00 0 
72a1c4efe000-72a1c4f02000 ---p 00000000 00:00 0 
72a1c4f02000-72a1c4ffe000 rw-p 00000000 00:00 0 
72a1c4ffe000-72a1c4fff000 ---p 00000000 00:00 0 
72a1c4fff000-72a1c5003000 ---p 00000000 00:00 0 
72a1c5003000-72a1c50ff000 rw-p 00000000 00:00 0 
72a1c50ff000-72a1c5100000 ---p 00000000 00:00 0 
72a1c5100000-72a1c5104000 ---p 00000000 00:00 0 
72a1c5104000-72a1c5200000 rw-p 00000000 00:00 0 
72a1c5200000-72a1c5303000 r-xp 00000000 08:11 3670048                    /tmp/sqlite-3.53.0.0-ff46b832-9ad9-4434-af03-d94e6f7f2eb1-libsqlitejdbc.so
72a1c5303000-72a1c5503000 ---p 00103000 08:11 3670048                    /tmp/sqlite-3.53.0.0-ff46b832-9ad9-4434-af03-d94e6f7f2eb1-libsqlitejdbc.so
72a1c5503000-72a1c550b000 rw-p 00103000 08:11 3670048                    /tmp/sqlite-3.53.0.0-ff46b832-9ad9-4434-af03-d94e6f7f2eb1-libsqlitejdbc.so
72a1c551c000-72a1c551d000 r--p 00000000 00:2d 935909                     /usr/lib/x86_64-linux-gnu/libbrotlidec.so.1.1.0
72a1c551d000-72a1c5525000 r-xp 00001000 00:2d 935909                     /usr/lib/x86_64-linux-gnu/libbrotlidec.so.1.1.0
72a1c5525000-72a1c5528000 r--p 00009000 00:2d 935909                     /usr/lib/x86_64-linux-gnu/libbrotlidec.so.1.1.0
72a1c5528000-72a1c5529000 r--p 0000b000 00:2d 935909                     /usr/lib/x86_64-linux-gnu/libbrotlidec.so.1.1.0
72a1c5529000-72a1c552a000 rw-p 0000c000 00:2d 935909                     /usr/lib/x86_64-linux-gnu/libbrotlidec.so.1.1.0
72a1c552a000-72a1c5537000 r--p 00000000 00:2d 935992                     /usr/lib/x86_64-linux-gnu/libfreetype.so.6.20.1
72a1c5537000-72a1c55c8000 r-xp 0000d000 00:2d 935992                     /usr/lib/x86_64-linux-gnu/libfreetype.so.6.20.1
72a1c55c8000-72a1c55ee000 r--p 0009e000 00:2d 935992                     /usr/lib/x86_64-linux-gnu/libfreetype.so.6.20.1
72a1c55ee000-72a1c55f5000 r--p 000c4000 00:2d 935992                     /usr/lib/x86_64-linux-gnu/libfreetype.so.6.20.1
72a1c55f5000-72a1c55f6000 rw-p 000cb000 00:2d 935992                     /usr/lib/x86_64-linux-gnu/libfreetype.so.6.20.1
72a1c55f6000-72a1c55f7000 ---p 00000000 00:00 0 
72a1c55f7000-72a1c55fb000 ---p 00000000 00:00 0 
72a1c55fb000-72a1c56f7000 rw-p 00000000 00:00 0 
72a1c56f7000-72a1c56f8000 ---p 00000000 00:00 0 
72a1c56f8000-72a1c56fc000 ---p 00000000 00:00 0 
72a1c56fc000-72a1c57f8000 rw-p 00000000 00:00 0 
72a1c57f8000-72a1c57f9000 ---p 00000000 00:00 0 
72a1c57f9000-72a1c57fd000 ---p 00000000 00:00 0 
72a1c57fd000-72a1c58f9000 rw-p 00000000 00:00 0 
72a1c58f9000-72a1c58fa000 ---p 00000000 00:00 0 
72a1c58fa000-72a1c58fe000 ---p 00000000 00:00 0 
72a1c58fe000-72a1c59fa000 rw-p 00000000 00:00 0 
72a1c59fa000-72a1c59fb000 ---p 00000000 00:00 0 
72a1c59fb000-72a1c59ff000 ---p 00000000 00:00 0 
72a1c59ff000-72a1c5afb000 rw-p 00000000 00:00 0 
72a1c5afb000-72a1c5afc000 ---p 00000000 00:00 0 
72a1c5afc000-72a1c5b00000 ---p 00000000 00:00 0 
72a1c5b00000-72a1c5bfc000 rw-p 00000000 00:00 0 
72a1c5bfc000-72a1c5bfd000 ---p 00000000 00:00 0 
72a1c5bfd000-72a1c5c01000 ---p 00000000 00:00 0 
72a1c5c01000-72a1c5cfd000 rw-p 00000000 00:00 0 
72a1c5cfd000-72a1c5cfe000 ---p 00000000 00:00 0 
72a1c5cfe000-72a1c5d02000 ---p 00000000 00:00 0 
72a1c5d02000-72a1c5dfe000 rw-p 00000000 00:00 0 
72a1c5dfe000-72a1c5dff000 ---p 00000000 00:00 0 
72a1c5dff000-72a1c5e03000 ---p 00000000 00:00 0 
72a1c5e03000-72a1c5eff000 rw-p 00000000 00:00 0 
72a1c5eff000-72a1c5f00000 ---p 00000000 00:00 0 
72a1c5f00000-72a1c5f04000 ---p 00000000 00:00 0 
72a1c5f04000-72a1c6000000 rw-p 00000000 00:00 0 
72a1c6000000-72a1c804e000 rw-p 00000000 00:00 0 
72a1c804e000-72a1cc000000 ---p 00000000 00:00 0 
72a1cc000000-72a1cc071000 rw-p 00000000 00:00 0 
72a1cc071000-72a1d0000000 ---p 00000000 00:00 0 
72a1d0000000-72a1d004f000 rw-p 00000000 00:00 0 
72a1d004f000-72a1d4000000 ---p 00000000 00:00 0 
72a1d4009000-72a1d400e000 r--p 00000000 00:2d 936253                     /usr/lib/x86_64-linux-gnu/libpng16.so.16.43.0
72a1d400e000-72a1d4036000 r-xp 00005000 00:2d 936253                     /usr/lib/x86_64-linux-gnu/libpng16.so.16.43.0
72a1d4036000-72a1d403f000 r--p 0002d000 00:2d 936253                     /usr/lib/x86_64-linux-gnu/libpng16.so.16.43.0
72a1d403f000-72a1d4040000 r--p 00035000 00:2d 936253                     /usr/lib/x86_64-linux-gnu/libpng16.so.16.43.0
72a1d4040000-72a1d4041000 rw-p 00036000 00:2d 936253                     /usr/lib/x86_64-linux-gnu/libpng16.so.16.43.0
72a1d4041000-72a1d4043000 r--p 00000000 00:2d 918391                     /usr/lib/x86_64-linux-gnu/libbz2.so.1.0.4
72a1d4043000-72a1d4051000 r-xp 00002000 00:2d 918391                     /usr/lib/x86_64-linux-gnu/libbz2.so.1.0.4
72a1d4051000-72a1d4053000 r--p 00010000 00:2d 918391                     /usr/lib/x86_64-linux-gnu/libbz2.so.1.0.4
72a1d4053000-72a1d4054000 r--p 00011000 00:2d 918391                     /usr/lib/x86_64-linux-gnu/libbz2.so.1.0.4
72a1d4054000-72a1d4055000 rw-p 00012000 00:2d 918391                     /usr/lib/x86_64-linux-gnu/libbz2.so.1.0.4
72a1d405c000-72a1d4062000 r-xp 00000000 00:2d 1225577                    /usr/local/sdkman/candidates/java/25.0.4+1-ms/lib/libawt_headless.so
72a1d4062000-72a1d4063000 r--p 00005000 00:2d 1225577                    /usr/local/sdkman/candidates/java/25.0.4+1-ms/lib/libawt_headless.so
72a1d4063000-72a1d4064000 rw-p 00006000 00:2d 1225577                    /usr/local/sdkman/candidates/java/25.0.4+1-ms/lib/libawt_headless.so
72a1d4064000-72a1d4111000 r-xp 00000000 00:2d 1225576                    /usr/local/sdkman/candidates/java/25.0.4+1-ms/lib/libawt.so
72a1d4111000-72a1d4112000 ---p 000ad000 00:2d 1225576                    /usr/local/sdkman/candidates/java/25.0.4+1-ms/lib/libawt.so
72a1d4112000-72a1d4113000 r--p 000ad000 00:2d 1225576                    /usr/local/sdkman/candidates/java/25.0.4+1-ms/lib/libawt.so
72a1d4113000-72a1d411e000 rw-p 000ae000 00:2d 1225576                    /usr/local/sdkman/candidates/java/25.0.4+1-ms/lib/libawt.so
72a1d411e000-72a1d4143000 rw-p 00000000 00:00 0 
72a1d4143000-72a1d4151000 r-xp 00000000 00:2d 1225610                    /usr/local/sdkman/candidates/java/25.0.4+1-ms/lib/libverify.so
72a1d4151000-72a1d4153000 r--p 0000d000 00:2d 1225610                    /usr/local/sdkman/candidates/java/25.0.4+1-ms/lib/libverify.so
72a1d4153000-72a1d4154000 rw-p 0000f000 00:2d 1225610                    /usr/local/sdkman/candidates/java/25.0.4+1-ms/lib/libverify.so
72a1d4154000-72a1d4207000 r--p 00000000 00:2d 935934                     /usr/lib/x86_64-linux-gnu/libcrypto.so.3
72a1d4207000-72a1d453b000 r-xp 000b3000 00:2d 935934                     /usr/lib/x86_64-linux-gnu/libcrypto.so.3
72a1d453b000-72a1d4606000 r--p 003e7000 00:2d 935934                     /usr/lib/x86_64-linux-gnu/libcrypto.so.3
72a1d4606000-72a1d4662000 r--p 004b1000 00:2d 935934                     /usr/lib/x86_64-linux-gnu/libcrypto.so.3
72a1d4662000-72a1d4665000 rw-p 0050d000 00:2d 935934                     /usr/lib/x86_64-linux-gnu/libcrypto.so.3
72a1d4665000-72a1d49e0000 rw-p 00000000 00:00 0 
72a1d49e0000-72a1d8490000 ---p 00000000 00:00 0 
72a1d8490000-72a1d84e8000 rw-p 00000000 00:00 0 
72a1d84e8000-72a1d8f38000 rwxp 00000000 00:00 0 
72a1d8f38000-72a1dfa20000 ---p 00000000 00:00 0 
72a1dfa20000-72a1dfc90000 rwxp 00000000 00:00 0 
72a1dfc90000-72a1dffb1000 ---p 00000000 00:00 0 
72a1dffb1000-72a1e02b1000 rwxp 00000000 00:00 0 
72a1e02b1000-72a1e74e9000 ---p 00000000 00:00 0 
72a1e74e9000-72a1f0000000 r--s 00000000 00:2d 1225612                    /usr/local/sdkman/candidates/java/25.0.4+1-ms/lib/modules
72a1f0000000-72a1f148d000 rw-p 00000000 00:00 0 
72a1f148d000-72a1f4000000 ---p 00000000 00:00 0 
72a1f4003000-72a1f4005000 r-xp 00000000 00:2d 1225580                    /usr/local/sdkman/candidates/java/25.0.4+1-ms/lib/libextnet.so
72a1f4005000-72a1f4006000 r--p 00001000 00:2d 1225580                    /usr/local/sdkman/candidates/java/25.0.4+1-ms/lib/libextnet.so
72a1f4006000-72a1f4007000 rw-p 00002000 00:2d 1225580                    /usr/local/sdkman/candidates/java/25.0.4+1-ms/lib/libextnet.so
72a1f4007000-72a1f4008000 r--p 00000000 08:11 3670046                    /tmp/native-3258405374973257131.so
72a1f4008000-72a1f4009000 r-xp 00001000 08:11 3670046                    /tmp/native-3258405374973257131.so
72a1f4009000-72a1f400a000 r--p 00002000 08:11 3670046                    /tmp/native-3258405374973257131.so
72a1f400a000-72a1f400b000 r--p 00002000 08:11 3670046                    /tmp/native-3258405374973257131.so
72a1f400b000-72a1f400c000 rw-p 00003000 08:11 3670046                    /tmp/native-3258405374973257131.so
72a1f400c000-72a1f400e000 r--p 00000000 08:11 3670045                    /tmp/native-13218227522164663811.so
72a1f400e000-72a1f401a000 r-xp 00002000 08:11 3670045                    /tmp/native-13218227522164663811.so
72a1f401a000-72a1f401c000 r--p 0000e000 08:11 3670045                    /tmp/native-13218227522164663811.so
72a1f401c000-72a1f401d000 ---p 00010000 08:11 3670045                    /tmp/native-13218227522164663811.so
72a1f401d000-72a1f401e000 r--p 00010000 08:11 3670045                    /tmp/native-13218227522164663811.so
72a1f401e000-72a1f401f000 rw-p 00011000 08:11 3670045                    /tmp/native-13218227522164663811.so
72a1f401f000-72a1f4024000 r--p 00000000 08:11 3670044                    /tmp/libnetty_transport_native_epoll_x86_64260438839878996411.so (deleted)
72a1f4024000-72a1f402e000 r-xp 00005000 08:11 3670044                    /tmp/libnetty_transport_native_epoll_x86_64260438839878996411.so (deleted)
72a1f402e000-72a1f4032000 r--p 0000f000 08:11 3670044                    /tmp/libnetty_transport_native_epoll_x86_64260438839878996411.so (deleted)
72a1f4032000-72a1f4033000 ---p 00013000 08:11 3670044                    /tmp/libnetty_transport_native_epoll_x86_64260438839878996411.so (deleted)
72a1f4033000-72a1f4035000 r--p 00013000 08:11 3670044                    /tmp/libnetty_transport_native_epoll_x86_64260438839878996411.so (deleted)
72a1f4035000-72a1f4036000 rw-p 00000000 00:00 0 
72a1f4036000-72a1f403b000 r--p 00000000 08:11 3670043                    /tmp/libnetty_transport_native_io_uring42_x86_649170961190272283168.so (deleted)
72a1f403b000-72a1f4045000 r-xp 00005000 08:11 3670043                    /tmp/libnetty_transport_native_io_uring42_x86_649170961190272283168.so (deleted)
72a1f4045000-72a1f404a000 r--p 0000f000 08:11 3670043                    /tmp/libnetty_transport_native_io_uring42_x86_649170961190272283168.so (deleted)
72a1f404a000-72a1f404c000 r--p 00013000 08:11 3670043                    /tmp/libnetty_transport_native_io_uring42_x86_649170961190272283168.so (deleted)
72a1f404c000-72a1f404d000 rw-p 00015000 08:11 3670043                    /tmp/libnetty_transport_native_io_uring42_x86_649170961190272283168.so (deleted)
72a1f404d000-72a1f404e000 ---p 00000000 00:00 0 
72a1f404e000-72a1f4052000 ---p 00000000 00:00 0 
72a1f4052000-72a1f414e000 rw-p 00000000 00:00 0 
72a1f414e000-72a1f4154000 r-xp 00000000 00:2d 1225599                    /usr/local/sdkman/candidates/java/25.0.4+1-ms/lib/libmanagement_ext.so
72a1f4154000-72a1f4155000 r--p 00005000 00:2d 1225599                    /usr/local/sdkman/candidates/java/25.0.4+1-ms/lib/libmanagement_ext.so
72a1f4155000-72a1f4156000 rw-p 00006000 00:2d 1225599                    /usr/local/sdkman/candidates/java/25.0.4+1-ms/lib/libmanagement_ext.so
72a1f4156000-72a1f415a000 r-xp 00000000 00:2d 1225597                    /usr/local/sdkman/candidates/java/25.0.4+1-ms/lib/libmanagement.so
72a1f415a000-72a1f415b000 ---p 00004000 00:2d 1225597                    /usr/local/sdkman/candidates/java/25.0.4+1-ms/lib/libmanagement.so
72a1f415b000-72a1f415c000 r--p 00004000 00:2d 1225597                    /usr/local/sdkman/candidates/java/25.0.4+1-ms/lib/libmanagement.so
72a1f415c000-72a1f415d000 rw-p 00005000 00:2d 1225597                    /usr/local/sdkman/candidates/java/25.0.4+1-ms/lib/libmanagement.so
72a1f415d000-72a1f415e000 ---p 00000000 00:00 0 
72a1f415e000-72a1f4162000 ---p 00000000 00:00 0 
72a1f4162000-72a1f425e000 rw-p 00000000 00:00 0 
72a1f425e000-72a1f425f000 ---p 00000000 00:00 0 
72a1f425f000-72a1f435f000 rw-p 00000000 00:00 0 
72a1f435f000-72a1f4360000 ---p 00000000 00:00 0 
72a1f4360000-72a1f4460000 rw-p 00000000 00:00 0 
72a1f4460000-72a1f4461000 ---p 00000000 00:00 0 
72a1f4461000-72a1f4561000 rw-p 00000000 00:00 0 
72a1f4561000-72a1f4562000 ---p 00000000 00:00 0 
72a1f4562000-72a1f4566000 ---p 00000000 00:00 0 
72a1f4566000-72a1f4584000 rw-p 00000000 00:00 0 
72a1f4584000-72a1f4585000 r-xp 00000000 00:2d 1225609                    /usr/local/sdkman/candidates/java/25.0.4+1-ms/lib/libsyslookup.so
72a1f4585000-72a1f4586000 r--p 00000000 00:2d 1225609                    /usr/local/sdkman/candidates/java/25.0.4+1-ms/lib/libsyslookup.so
72a1f4586000-72a1f4587000 rw-p 00001000 00:2d 1225609                    /usr/local/sdkman/candidates/java/25.0.4+1-ms/lib/libsyslookup.so
72a1f4587000-72a1f4588000 ---p 00000000 00:00 0 
72a1f4588000-72a1f458c000 ---p 00000000 00:00 0 
72a1f458c000-72a1f4688000 rw-p 00000000 00:00 0 
72a1f4688000-72a1f468f000 r-xp 00000000 00:2d 1225611                    /usr/local/sdkman/candidates/java/25.0.4+1-ms/lib/libzip.so
72a1f468f000-72a1f4690000 ---p 00007000 00:2d 1225611                    /usr/local/sdkman/candidates/java/25.0.4+1-ms/lib/libzip.so
72a1f4690000-72a1f4691000 r--p 00007000 00:2d 1225611                    /usr/local/sdkman/candidates/java/25.0.4+1-ms/lib/libzip.so
72a1f4691000-72a1f4692000 rw-p 00008000 00:2d 1225611                    /usr/local/sdkman/candidates/java/25.0.4+1-ms/lib/libzip.so
72a1f4692000-72a1f4693000 ---p 00000000 00:00 0 
72a1f4693000-72a1f4697000 ---p 00000000 00:00 0 
72a1f4697000-72a1f4793000 rw-p 00000000 00:00 0 
72a1f4793000-72a1f4794000 ---p 00000000 00:00 0 
72a1f4794000-72a1f4798000 ---p 00000000 00:00 0 
72a1f4798000-72a1f4894000 rw-p 00000000 00:00 0 
72a1f4894000-72a1f48d1000 r-xp 00000000 00:2d 1225607                    /usr/local/sdkman/candidates/java/25.0.4+1-ms/lib/libsimdsort.so
72a1f48d1000-72a1f48d2000 ---p 0003d000 00:2d 1225607                    /usr/local/sdkman/candidates/java/25.0.4+1-ms/lib/libsimdsort.so
72a1f48d2000-72a1f48d3000 r--p 0003d000 00:2d 1225607                    /usr/local/sdkman/candidates/java/25.0.4+1-ms/lib/libsimdsort.so
72a1f48d3000-72a1f48d4000 rw-p 0003e000 00:2d 1225607                    /usr/local/sdkman/candidates/java/25.0.4+1-ms/lib/libsimdsort.so
72a1f48d4000-72a1f48d5000 ---p 00000000 00:00 0 
72a1f48d5000-72a1f48d9000 ---p 00000000 00:00 0 
72a1f48d9000-72a1f49d5000 rw-p 00000000 00:00 0 
72a1f49d5000-72a1f49d6000 ---p 00000000 00:00 0 
72a1f49d6000-72a1f49da000 ---p 00000000 00:00 0 
72a1f49da000-72a1f4ad6000 rw-p 00000000 00:00 0 
72a1f4ad6000-72a1f4ad7000 ---p 00000000 00:00 0 
72a1f4ad7000-72a1f4adb000 ---p 00000000 00:00 0 
72a1f4adb000-72a1f4bd7000 rw-p 00000000 00:00 0 
72a1f4bd7000-72a1f4bd8000 ---p 00000000 00:00 0 
72a1f4bd8000-72a1f4bdc000 ---p 00000000 00:00 0 
72a1f4bdc000-72a1f4cd8000 rw-p 00000000 00:00 0 
72a1f4cd8000-72a1f4cd9000 ---p 00000000 00:00 0 
72a1f4cd9000-72a1f4cdd000 ---p 00000000 00:00 0 
72a1f4cdd000-72a1f4dd9000 rw-p 00000000 00:00 0 
72a1f4dd9000-72a1f4dda000 ---p 00000000 00:00 0 
72a1f4dda000-72a1f4dde000 ---p 00000000 00:00 0 
72a1f4dde000-72a1f4eda000 rw-p 00000000 00:00 0 
72a1f4eda000-72a1f4edb000 ---p 00000000 00:00 0 
72a1f4edb000-72a1f4edf000 ---p 00000000 00:00 0 
72a1f4edf000-72a1f4fdb000 rw-p 00000000 00:00 0 
72a1f4fdb000-72a1f5034000 r--p 00000000 00:2d 918058                     /usr/lib/locale/C.utf8/LC_CTYPE
72a1f5034000-72a1f531f000 r--p 00000000 00:2d 1055915                    /usr/lib/locale/locale-archive
72a1f531f000-72a1f543c000 rw-p 00000000 00:00 0 
72a1f543c000-72a1f543d000 ---p 00000000 00:00 0 
72a1f543d000-72a1f553d000 rw-p 00000000 00:00 0 
72a1f553d000-72a1f553e000 ---p 00000000 00:00 0 
72a1f553e000-72a1f563e000 rw-p 00000000 00:00 0 
72a1f563f000-72a1f564b000 r-xp 00000000 00:2d 1225601                    /usr/local/sdkman/candidates/java/25.0.4+1-ms/lib/libnet.so
72a1f564b000-72a1f564c000 r--p 0000b000 00:2d 1225601                    /usr/local/sdkman/candidates/java/25.0.4+1-ms/lib/libnet.so
72a1f564c000-72a1f564d000 rw-p 0000c000 00:2d 1225601                    /usr/local/sdkman/candidates/java/25.0.4+1-ms/lib/libnet.so
72a1f564d000-72a1f5661000 r-xp 00000000 00:2d 1225602                    /usr/local/sdkman/candidates/java/25.0.4+1-ms/lib/libnio.so
72a1f5661000-72a1f5662000 r--p 00013000 00:2d 1225602                    /usr/local/sdkman/candidates/java/25.0.4+1-ms/lib/libnio.so
72a1f5662000-72a1f5663000 rw-p 00014000 00:2d 1225602                    /usr/local/sdkman/candidates/java/25.0.4+1-ms/lib/libnio.so
72a1f5663000-72a1f5664000 r--p 00000000 00:2d 918065                     /usr/lib/locale/C.utf8/LC_NUMERIC
72a1f5664000-72a1f5665000 r--p 00000000 00:2d 918068                     /usr/lib/locale/C.utf8/LC_TIME
72a1f5665000-72a1f5666000 r--p 00000000 00:2d 918057                     /usr/lib/locale/C.utf8/LC_COLLATE
72a1f5666000-72a1f5667000 r--p 00000000 00:2d 918063                     /usr/lib/locale/C.utf8/LC_MONETARY
72a1f5667000-72a1f5668000 r--p 00000000 00:2d 918062                     /usr/lib/locale/C.utf8/LC_MESSAGES/SYS_LC_MESSAGES
72a1f5668000-72a1f5669000 r--p 00000000 00:2d 918066                     /usr/lib/locale/C.utf8/LC_PAPER
72a1f5669000-72a1f566a000 r--p 00000000 00:2d 918064                     /usr/lib/locale/C.utf8/LC_NAME
72a1f566a000-72a1f5671000 r--s 00000000 00:2d 918363                     /usr/lib/x86_64-linux-gnu/gconv/gconv-modules.cache
72a1f5671000-72a1f5672000 ---p 00000000 00:00 0 
72a1f5672000-72a1f5772000 rw-p 00000000 00:00 0 
72a1f5772000-72a1f5773000 ---p 00000000 00:00 0 
72a1f5773000-72a1f5873000 rw-p 00000000 00:00 0 
72a1f5873000-72a1f5c77000 rw-p 00000000 00:00 0 
72a1f5c77000-72a1f5c78000 ---p 00000000 00:00 0 
72a1f5c78000-72a1f5d78000 rw-p 00000000 00:00 0 
72a1f5d78000-72a1f5d79000 ---p 00000000 00:00 0 
72a1f5d79000-72a1f5e79000 rw-p 00000000 00:00 0 
72a1f5e79000-72a1f5e7a000 ---p 00000000 00:00 0 
72a1f5e7a000-72a1f5f7a000 rw-p 00000000 00:00 0 
72a1f5f7a000-72a1f602c000 rw-p 00000000 00:00 0 
72a1f602c000-72a1f6782000 ---p 00000000 00:00 0 
72a1f6782000-72a1f67fc000 rw-p 00000000 00:00 0 
72a1f67fc000-72a1f6f52000 ---p 00000000 00:00 0 
72a1f6f52000-72a1f7367000 rw-p 00000000 00:00 0 
72a1f7367000-72a1f744c000 ---p 00000000 00:00 0 
72a1f744c000-72a1f7451000 rw-p 00000000 00:00 0 
72a1f7451000-72a1f7458000 ---p 00000000 00:00 0 
72a1f7458000-72a1f746d000 rw-p 00000000 00:00 0 
72a1f746d000-72a1f7543000 ---p 00000000 00:00 0 
72a1f7543000-72a1f7563000 r-xp 00000000 00:2d 1225587                    /usr/local/sdkman/candidates/java/25.0.4+1-ms/lib/libjava.so
72a1f7563000-72a1f7564000 ---p 00020000 00:2d 1225587                    /usr/local/sdkman/candidates/java/25.0.4+1-ms/lib/libjava.so
72a1f7564000-72a1f7565000 r--p 00020000 00:2d 1225587                    /usr/local/sdkman/candidates/java/25.0.4+1-ms/lib/libjava.so
72a1f7565000-72a1f7566000 rw-p 00021000 00:2d 1225587                    /usr/local/sdkman/candidates/java/25.0.4+1-ms/lib/libjava.so
72a1f7566000-72a1f7567000 rw-p 00000000 00:00 0 
72a1f7567000-72a1f756f000 rw-s 00000000 08:11 3670042                    /tmp/hsperfdata_codespace/4880
72a1f756f000-72a1f758a000 r-xp 00000000 00:2d 1225591                    /usr/local/sdkman/candidates/java/25.0.4+1-ms/lib/libjimage.so
72a1f758a000-72a1f758b000 ---p 0001b000 00:2d 1225591                    /usr/local/sdkman/candidates/java/25.0.4+1-ms/lib/libjimage.so
72a1f758b000-72a1f758d000 r--p 0001b000 00:2d 1225591                    /usr/local/sdkman/candidates/java/25.0.4+1-ms/lib/libjimage.so
72a1f758d000-72a1f758e000 rw-p 0001d000 00:2d 1225591                    /usr/local/sdkman/candidates/java/25.0.4+1-ms/lib/libjimage.so
72a1f758e000-72a1f7592000 ---p 00000000 00:00 0 
72a1f7592000-72a1f768e000 rw-p 00000000 00:00 0 
72a1f768e000-72a1f769e000 r--p 00000000 00:2d 918434                     /usr/lib/x86_64-linux-gnu/libm.so.6
72a1f769e000-72a1f771d000 r-xp 00010000 00:2d 918434                     /usr/lib/x86_64-linux-gnu/libm.so.6
72a1f771d000-72a1f7775000 r--p 0008f000 00:2d 918434                     /usr/lib/x86_64-linux-gnu/libm.so.6
72a1f7775000-72a1f7776000 r--p 000e7000 00:2d 918434                     /usr/lib/x86_64-linux-gnu/libm.so.6
72a1f7776000-72a1f7777000 rw-p 000e8000 00:2d 918434                     /usr/lib/x86_64-linux-gnu/libm.so.6
72a1f7777000-72a1f7778000 r--p 00000000 00:2d 918473                     /usr/lib/x86_64-linux-gnu/librt.so.1
72a1f7778000-72a1f7779000 r-xp 00001000 00:2d 918473                     /usr/lib/x86_64-linux-gnu/librt.so.1
72a1f7779000-72a1f777a000 r--p 00002000 00:2d 918473                     /usr/lib/x86_64-linux-gnu/librt.so.1
72a1f777a000-72a1f777b000 r--p 00002000 00:2d 918473                     /usr/lib/x86_64-linux-gnu/librt.so.1
72a1f777b000-72a1f777c000 rw-p 00003000 00:2d 918473                     /usr/lib/x86_64-linux-gnu/librt.so.1
72a1f777c000-72a1f8d35000 r-xp 00000000 00:2d 1225625                    /usr/local/sdkman/candidates/java/25.0.4+1-ms/lib/server/libjvm.so
72a1f8d35000-72a1f8d36000 ---p 015b9000 00:2d 1225625                    /usr/local/sdkman/candidates/java/25.0.4+1-ms/lib/server/libjvm.so
72a1f8d36000-72a1f8e1f000 r--p 015b9000 00:2d 1225625                    /usr/local/sdkman/candidates/java/25.0.4+1-ms/lib/server/libjvm.so
72a1f8e1f000-72a1f8e4a000 rw-p 016a2000 00:2d 1225625                    /usr/local/sdkman/candidates/java/25.0.4+1-ms/lib/server/libjvm.so
72a1f8e4a000-72a1f8eca000 rw-p 00000000 00:00 0 
72a1f8eca000-72a1f8ecb000 r--p 00000000 00:2d 918471                     /usr/lib/x86_64-linux-gnu/libpthread.so.0
72a1f8ecb000-72a1f8ecc000 r-xp 00001000 00:2d 918471                     /usr/lib/x86_64-linux-gnu/libpthread.so.0
72a1f8ecc000-72a1f8ecd000 r--p 00002000 00:2d 918471                     /usr/lib/x86_64-linux-gnu/libpthread.so.0
72a1f8ecd000-72a1f8ece000 r--p 00002000 00:2d 918471                     /usr/lib/x86_64-linux-gnu/libpthread.so.0
72a1f8ece000-72a1f8ecf000 rw-p 00003000 00:2d 918471                     /usr/lib/x86_64-linux-gnu/libpthread.so.0
72a1f8ecf000-72a1f8ed0000 r--p 00000000 00:2d 918406                     /usr/lib/x86_64-linux-gnu/libdl.so.2
72a1f8ed0000-72a1f8ed1000 r-xp 00001000 00:2d 918406                     /usr/lib/x86_64-linux-gnu/libdl.so.2
72a1f8ed1000-72a1f8ed2000 r--p 00002000 00:2d 918406                     /usr/lib/x86_64-linux-gnu/libdl.so.2
72a1f8ed2000-72a1f8ed3000 r--p 00002000 00:2d 918406                     /usr/lib/x86_64-linux-gnu/libdl.so.2
72a1f8ed3000-72a1f8ed4000 rw-p 00003000 00:2d 918406                     /usr/lib/x86_64-linux-gnu/libdl.so.2
72a1f8ed4000-72a1f8ed6000 r--p 00000000 00:2d 918505                     /usr/lib/x86_64-linux-gnu/libz.so.1.3
72a1f8ed6000-72a1f8ee8000 r-xp 00002000 00:2d 918505                     /usr/lib/x86_64-linux-gnu/libz.so.1.3
72a1f8ee8000-72a1f8eee000 r--p 00014000 00:2d 918505                     /usr/lib/x86_64-linux-gnu/libz.so.1.3
72a1f8eee000-72a1f8eef000 r--p 0001a000 00:2d 918505                     /usr/lib/x86_64-linux-gnu/libz.so.1.3
72a1f8eef000-72a1f8ef0000 rw-p 0001b000 00:2d 918505                     /usr/lib/x86_64-linux-gnu/libz.so.1.3
72a1f8ef0000-72a1f8f18000 r--p 00000000 00:2d 918392                     /usr/lib/x86_64-linux-gnu/libc.so.6
72a1f8f18000-72a1f90a0000 r-xp 00028000 00:2d 918392                     /usr/lib/x86_64-linux-gnu/libc.so.6
72a1f90a0000-72a1f90ef000 r--p 001b0000 00:2d 918392                     /usr/lib/x86_64-linux-gnu/libc.so.6
72a1f90ef000-72a1f90f3000 r--p 001fe000 00:2d 918392                     /usr/lib/x86_64-linux-gnu/libc.so.6
72a1f90f3000-72a1f90f5000 rw-p 00202000 00:2d 918392                     /usr/lib/x86_64-linux-gnu/libc.so.6
72a1f90f5000-72a1f9102000 rw-p 00000000 00:00 0 
72a1f9102000-72a1f9103000 r--p 00000000 00:2d 918056                     /usr/lib/locale/C.utf8/LC_ADDRESS
72a1f9103000-72a1f9104000 r--p 00000000 00:2d 918067                     /usr/lib/locale/C.utf8/LC_TELEPHONE
72a1f9104000-72a1f9105000 r--p 00000000 00:2d 918060                     /usr/lib/locale/C.utf8/LC_MEASUREMENT
72a1f9105000-72a1f9106000 r--p 00000000 00:2d 918059                     /usr/lib/locale/C.utf8/LC_IDENTIFICATION
72a1f9106000-72a1f9107000 ---p 00000000 00:00 0 
72a1f9107000-72a1f9108000 r--p 00000000 00:00 0 
72a1f9108000-72a1f9109000 rwxp 00000000 00:00 0 
72a1f9109000-72a1f9117000 r-xp 00000000 00:2d 1225592                    /usr/local/sdkman/candidates/java/25.0.4+1-ms/lib/libjli.so
72a1f9117000-72a1f9118000 ---p 0000e000 00:2d 1225592                    /usr/local/sdkman/candidates/java/25.0.4+1-ms/lib/libjli.so
72a1f9118000-72a1f9119000 r--p 0000e000 00:2d 1225592                    /usr/local/sdkman/candidates/java/25.0.4+1-ms/lib/libjli.so
72a1f9119000-72a1f911a000 rw-p 0000f000 00:2d 1225592                    /usr/local/sdkman/candidates/java/25.0.4+1-ms/lib/libjli.so
72a1f911a000-72a1f911c000 rw-p 00000000 00:00 0 
72a1f911c000-72a1f911d000 r--p 00000000 00:2d 918372                     /usr/lib/x86_64-linux-gnu/ld-linux-x86-64.so.2
72a1f911d000-72a1f9148000 r-xp 00001000 00:2d 918372                     /usr/lib/x86_64-linux-gnu/ld-linux-x86-64.so.2
72a1f9148000-72a1f9152000 r--p 0002c000 00:2d 918372                     /usr/lib/x86_64-linux-gnu/ld-linux-x86-64.so.2
72a1f9152000-72a1f9154000 r--p 00036000 00:2d 918372                     /usr/lib/x86_64-linux-gnu/ld-linux-x86-64.so.2
72a1f9154000-72a1f9156000 rw-p 00038000 00:2d 918372                     /usr/lib/x86_64-linux-gnu/ld-linux-x86-64.so.2
7ffead168000-7ffead16c000 ---p 00000000 00:00 0 
7ffead946000-7ffead968000 rw-p 00000000 00:00 0                          [stack]
7ffead9dd000-7ffead9e1000 r--p 00000000 00:00 0                          [vvar]
7ffead9e1000-7ffead9e3000 r-xp 00000000 00:00 0                          [vdso]
ffffffffff600000-ffffffffff601000 --xp 00000000 00:00 0                  [vsyscall]
Total number of mappings: 487

JVMTI agents: none


VM Arguments:
java_command: velocity.jar
java_class_path (initial): velocity.jar
Launcher Type: SUN_STANDARD

[Global flags]
     intx CICompilerCount                          = 3                                         {product} {ergonomic}
     uint ConcGCThreads                            = 1                                         {product} {ergonomic}
     uint G1ConcRefinementThreads                  = 4                                         {product} {ergonomic}
   size_t G1HeapRegionSize                         = 2097152                                   {product} {ergonomic}
   size_t InitialHeapSize                          = 262144000                                 {product} {ergonomic}
   size_t MarkStackSize                            = 4194304                                   {product} {ergonomic}
   size_t MarkStackSizeMax                         = 536870912                                 {product} {ergonomic}
   size_t MaxHeapSize                              = 4194304000                                {product} {ergonomic}
   size_t MaxNewSize                               = 2516582400                                {product} {ergonomic}
   size_t MinHeapDeltaBytes                        = 2097152                                   {product} {ergonomic}
   size_t MinHeapSize                              = 8388608                                   {product} {ergonomic}
    uintx NonNMethodCodeHeapSize                   = 5836800                                {pd product} {ergonomic}
    uintx NonProfiledCodeHeapSize                  = 122912768                              {pd product} {ergonomic}
    uintx ProfiledCodeHeapSize                     = 122912768                              {pd product} {ergonomic}
    uintx ReservedCodeCacheSize                    = 251662336                              {pd product} {ergonomic}
     bool SegmentedCodeCache                       = true                                      {product} {ergonomic}
   size_t SoftMaxHeapSize                          = 4194304000                             {manageable} {ergonomic}
     bool UseCompressedOops                        = true                           {product lp64_product} {ergonomic}
     bool UseG1GC                                  = true                                      {product} {ergonomic}

Logging:
Log output configuration:
 #0: stdout all=warning uptime,level,tags foldmultilines=false
 #1: stderr all=off uptime,level,tags foldmultilines=false

Release file:
IMPLEMENTOR="Microsoft"
IMPLEMENTOR_VERSION="Microsoft-14951822"
JAVA_RUNTIME_VERSION="25.0.4.1+1-LTS"
JAVA_VERSION="25.0.4.1"
JAVA_VERSION_DATE="2026-08-18"
LIBC="gnu"
MODULES="java.base java.compiler java.datatransfer java.xml java.prefs java.desktop java.instrument java.logging java.management java.security.sasl java.naming java.rmi java.management.rmi java.net.http java.scripting java.security.jgss java.transaction.xa java.sql java.sql.rowset java.xml.crypto java.se java.smartcardio jdk.accessibility jdk.internal.jvmstat jdk.attach jdk.charsets jdk.internal.opt jdk.zipfs jdk.compiler jdk.crypto.cryptoki jdk.crypto.ec jdk.dynalink jdk.internal.ed jdk.editpad jdk.internal.vm.ci jdk.graal.compiler jdk.graal.compiler.management jdk.hotspot.agent jdk.httpserver jdk.incubator.vector jdk.internal.le jdk.internal.md jdk.jartool jdk.javadoc jdk.jcmd jdk.management jdk.management.agent jdk.jconsole jdk.jdeps jdk.jdwp.agent jdk.jdi jdk.jfr jdk.jlink jdk.jpackage jdk.jshell jdk.jsobject jdk.jstatd jdk.localedata jdk.management.jfr jdk.naming.dns jdk.naming.rmi jdk.net jdk.nio.mapmode jdk.sctp jdk.security.auth jdk.security.jgss jdk.unsupported jdk.unsupported.desktop jdk.xml.dom"
OS_ARCH="x86_64"
OS_NAME="Linux"
SOURCE=".:git:f3615615ae25"

Environment Variables:
JAVA_HOME=/usr/local/sdkman/candidates/java/current
PATH=/vscode/bin/linux-x64/88e44fa0e00b08f7758b4f6d05632e4fd5e4df6f/bin/remote-cli:/home/codespace/.local/bin:/usr/local/rubies/current/bin:/home/codespace/.dotnet:/home/codespace/nvm/current/bin:/home/codespace/.php/current/bin:/home/codespace/.python/current/bin:/home/codespace/java/current/bin:/home/codespace/.ruby/current/bin:/home/codespace/.local/bin:/usr/local/python/current/bin:/usr/local/py-utils/bin:/usr/local/jupyter:/usr/local/oryx:/usr/local/go/bin:/go/bin:/usr/local/sdkman/bin:/usr/local/sdkman/candidates/java/current/bin:/usr/local/sdkman/candidates/gradle/current/bin:/usr/local/sdkman/candidates/maven/current/bin:/usr/local/sdkman/candidates/ant/current/bin:/usr/local/share/rbenv/shims:/usr/local/share/rbenv/bin:/usr/local/rubies/current/bin:/usr/local/php/current/bin:/opt/conda/bin:/usr/local/share/nvm/versions/node/v24.20.0/bin:/usr/local/hugo/bin:/usr/local/sbin:/usr/local/bin:/usr/sbin:/usr/bin:/sbin:/bin:/usr/share/dotnet:/home/codespace/.dotnet/tools
SHELL=/bin/bash
LANG=C.UTF-8
TERM=xterm-256color

Active Locale:
LC_ALL=C.UTF-8
LC_COLLATE=C.UTF-8
LC_CTYPE=C.UTF-8
LC_MESSAGES=C.UTF-8
LC_MONETARY=C.UTF-8
LC_NUMERIC=C.UTF-8
LC_TIME=C.UTF-8

Signal Handlers:
   SIGSEGV: crash_handler in libjvm.so, mask=11100100010111111101111111111110, flags=SA_RESTART|SA_SIGINFO, unblocked
    SIGBUS: crash_handler in libjvm.so, mask=11100100010111111101111111111110, flags=SA_RESTART|SA_SIGINFO, unblocked
    SIGFPE: crash_handler in libjvm.so, mask=11100100010111111101111111111110, flags=SA_RESTART|SA_SIGINFO, unblocked
   SIGPIPE: javaSignalHandler in libjvm.so, mask=11100100010111111101111111111110, flags=SA_RESTART|SA_SIGINFO, unblocked
   SIGXFSZ: javaSignalHandler in libjvm.so, mask=11100100010111111101111111111110, flags=SA_RESTART|SA_SIGINFO, unblocked
    SIGILL: crash_handler in libjvm.so, mask=11100100010111111101111111111110, flags=SA_RESTART|SA_SIGINFO, unblocked
   SIGUSR2: SR_handler in libjvm.so, mask=00000000000000000000000000000000, flags=SA_RESTART|SA_SIGINFO, unblocked
    SIGHUP: UserHandler in libjvm.so, mask=11100100010111111101111111111110, flags=SA_RESTART|SA_SIGINFO, unblocked
    SIGINT: 0x000072a1dfb5f4e0, mask=00000000000000000000000000000000, flags=SA_RESTART, unblocked
   SIGTERM: UserHandler in libjvm.so, mask=11100100010111111101111111111110, flags=SA_RESTART|SA_SIGINFO, unblocked
   SIGQUIT: SIG_DFL, mask=00000000000000000000000000000000, flags=none, blocked
   SIGTRAP: crash_handler in libjvm.so, mask=11100100010111111101111111111110, flags=SA_RESTART|SA_SIGINFO, unblocked


Compilation memory statistics disabled.

Periodic native trim disabled

---------------  S Y S T E M  ---------------

OS:
DISTRIB_ID=Ubuntu
DISTRIB_RELEASE=24.04
DISTRIB_CODENAME=noble
DISTRIB_DESCRIPTION="Ubuntu 24.04.4 LTS"
uname: Linux 6.8.0-1052-azure #58~22.04.1-Ubuntu SMP Thu Mar 26 05:02:21 UTC 2026 x86_64
OS uptime: 0 days 0:16 hours
libc: glibc 2.39 NPTL 2.39 
rlimit (soft/hard): STACK 8192k/infinity , CORE infinity/infinity , NPROC infinity/infinity , NOFILE 524288/524288 , AS infinity/infinity , CPU infinity/infinity , DATA infinity/infinity , FSIZE infinity/infinity , MEMLOCK 8192k/8192k
load average: 1.64 1.85 1.22

/proc/meminfo:
MemTotal:       16379756 kB
MemFree:          266440 kB
MemAvailable:   11027792 kB
Buffers:          282140 kB
Cached:         10353252 kB
SwapCached:            0 kB
Active:          6835600 kB
Inactive:        8437340 kB
Active(anon):    4687760 kB
Inactive(anon):    22640 kB
Active(file):    2147840 kB
Inactive(file):  8414700 kB
Unevictable:       30908 kB
Mlocked:           27836 kB
SwapTotal:             0 kB
SwapFree:              0 kB
Zswap:                 0 kB
Zswapped:              0 kB
Dirty:              1868 kB
Writeback:           176 kB
AnonPages:       4631848 kB
Mapped:           746244 kB
Shmem:             63756 kB
KReclaimable:     544740 kB
Slab:             672504 kB
SReclaimable:     544740 kB
SUnreclaim:       127764 kB
KernelStack:       11620 kB
PageTables:        34124 kB
SecPageTables:         0 kB
NFS_Unstable:          0 kB
Bounce:                0 kB
WritebackTmp:          0 kB
CommitLimit:     8189876 kB
Committed_AS:   10486712 kB
VmallocTotal:   34359738367 kB
VmallocUsed:       44708 kB
VmallocChunk:          0 kB
Percpu:             2496 kB
HardwareCorrupted:     0 kB
AnonHugePages:   1390592 kB
ShmemHugePages:        0 kB
ShmemPmdMapped:        0 kB
FileHugePages:         0 kB
FilePmdMapped:         0 kB
Unaccepted:            0 kB
HugePages_Total:       0
HugePages_Free:        0
HugePages_Rsvd:        0
HugePages_Surp:        0
Hugepagesize:       2048 kB
Hugetlb:               0 kB
DirectMap4k:      188352 kB
DirectMap2M:     7151616 kB
DirectMap1G:    11534336 kB

/sys/kernel/mm/transparent_hugepage/enabled: [always] madvise never
/sys/kernel/mm/transparent_hugepage/hpage_pmd_size: 2097152
/sys/kernel/mm/transparent_hugepage/shmem_enabled: always within_size advise [never] deny force
/sys/kernel/mm/transparent_hugepage/defrag (defrag/compaction efforts parameter): always defer defer+madvise [madvise] never

Process Memory:
Virtual Size: 7943356K (peak: 7962956K)
Resident Set Size: 518260K (peak: 518260K) (anon: 485972K, file: 32288K, shmem: 0K)
Swapped out: 0K
C-Heap outstanding allocations: 86478K, retained: 44177K
glibc malloc tunables: (default)

/proc/sys/kernel/threads-max (system-wide limit on the number of threads): 127908
/proc/sys/vm/max_map_count (maximum number of memory map areas a process may have): 65530
/proc/sys/vm/swappiness (control to define how aggressively the kernel swaps out anonymous memory): 60
/proc/sys/kernel/pid_max (system-wide limit on number of process identifiers): 4194304

container information not found.
Hyper-V virtualization detected
Steal ticks since vm start: 0
Steal ticks percentage since vm start:  0.000

CPU: total 4 (initial active 4) (16 cores per cpu, 2 threads per core) family 25 model 1 stepping 1 microcode 0xffffffff, cx8, cmov, fxsr, ht, mmx, 3dnowpref, sse, sse2, sse3, ssse3, sse4a, sse4.1, sse4.2, popcnt, lzcnt, tsc, tscinvbit, avx, avx2, aes, erms, clmul, bmi1, bmi2, adx, sha, fma, vzeroupper, clflush, clflushopt, clwb, hv, rdtscp, rdpid, fsrm, f16c, cet_ss
CPU Model and flags from /proc/cpuinfo:
model name	: AMD EPYC 7763 64-Core Processor
flags		: fpu vme de pse tsc msr pae mce cx8 apic sep mtrr pge mca cmov pat pse36 clflush mmx fxsr sse sse2 ht syscall nx mmxext fxsr_opt pdpe1gb rdtscp lm constant_tsc rep_good nopl tsc_reliable nonstop_tsc cpuid extd_apicid aperfmperf tsc_known_freq pni pclmulqdq ssse3 fma cx16 pcid sse4_1 sse4_2 movbe popcnt aes xsave avx f16c rdrand hypervisor lahf_lm cmp_legacy svm cr8_legacy abm sse4a misalignsse 3dnowprefetch osvw topoext vmmcall fsgsbase bmi1 avx2 smep bmi2 erms invpcid rdseed adx smap clflushopt clwb sha_ni xsaveopt xsavec xgetbv1 xsaves user_shstk clzero xsaveerptr rdpru arat npt nrip_save tsc_scale vmcb_clean flushbyasid decodeassists pausefilter pfthreshold v_vmsave_vmload umip vaes vpclmulqdq rdpid fsrm

Online cpus: 0-3
Offline cpus: 
BIOS frequency limitation: <Not Available>
Frequency switch latency (ns): <Not Available>
Available cpu frequencies: <Not Available>
Current governor: <Not Available>
Core performance/turbo boost: <Not Available>

Memory: 4k page, physical 16379756k(11027792k free), swap 0k(0k free)
Page Sizes: 4k

vm_info: OpenJDK 64-Bit Server VM (25.0.4.1+1-LTS) for linux-amd64 JRE (25.0.4.1+1-LTS), built on 2026-08-12T18:37:14Z with gcc 11.3.0

END.
